id_sample;APOC1;MERTK;CMTM3;XPR1;H2BC5;MSMO1;TMEM97;IFFO2;FAM89A;CTSH;DOK4;ARFGEF3;FOXA1;NCF2;SNORD62B;PYGB;H3P6;DGUOK-AS1;APOE;IGLV7-46;NES;STOM;ELN;ERRFI1;IL1RN;FZD5;LIMK2;IER5;RNU6-850P;CTSW;CHCHD2P9;LGALS2;RPS2P46;KDM7A-DT;FLVCR2;PRC1;FOXM1;MICAL1;MHENCR;CELSR2;SEZ6L2;SORD;SNAI1;MELK;MMP12;SOX9;APBA2;NFIB;GRK5;TMEM150B;tissue_status;source;class
TCGA-43-6647-01A;3.692305;2.569732;4.15559;4.094676;2.792685;4.901656;2.290414;4.404727;2.749062;6.560401;2.916253;0.645437;0.305448;3.777752;1.10969;5.036269;3.427798;0.812759;6.289549;3.081413;3.712585;5.715155;2.494779;5.658543;5.352689;1.603194;5.315352;3.347011;0.634589;1.153725;2.292747;6.170941;2.258906;2.416775;1.46801;3.113603;3.987042;2.455274;1.687131;3.301152;5.913647;2.71318;2.952726;2.044266;7.120371;4.692437;2.630496;1.996536;1.927014;1.28006;tumoral;TCGA-LUSC;SQC
TCGA-22-4593-01A;2.949213;1.027134;4.030874;2.677671;3.339568;6.22921;5.446595;4.415215;2.71406;2.739495;2.806878;0.873398;3.780116;2.238145;0.801689;6.715492;3.967429;1.528098;4.525605;3.328695;3.019713;5.588161;2.317363;5.340114;3.064744;1.109417;4.509576;2.617084;1.095964;1.44499;6.232879;5.031688;3.90507;2.93557;0.614639;4.742355;4.809701;2.043815;1.987484;4.374073;5.466573;2.730374;1.408844;3.737576;2.693306;5.017445;1.988419;4.082883;1.961332;0.320457;tumoral;TCGA-LUSC;SQC
TCGA-92-7341-01A;5.400119;3.897991;3.961812;4.805674;3.608529;6.396105;4.997865;3.701787;4.218262;4.566433;2.870315;1.35695;0.632262;3.154392;1.013383;5.952289;2.778527;2.534483;6.279737;3.029898;2.460793;6.238754;1.642679;4.43713;4.665649;1.180638;4.455959;2.639902;0.360089;1.418589;3.269786;5.849802;2.854741;3.364594;0.994641;4.657988;4.644909;1.487677;2.450438;2.748732;3.144082;3.960228;1.417569;3.668505;6.228964;3.631651;2.902791;2.988236;1.996756;0.45946;tumoral;TCGA-LUSC;SQC
TCGA-68-8251-01A;3.774515;2.150148;4.081626;3.18355;1.947876;4.221295;4.161457;2.794275;3.145032;4.488327;2.390135;1.460426;3.601031;3.47574;2.172688;4.648795;2.819027;0.800143;5.729022;4.264692;3.298517;5.682438;2.823099;4.680525;3.418981;1.557129;4.21435;2.940741;1.676786;2.255189;3.238307;5.364434;2.594649;1.306755;0.979042;4.164329;4.724946;2.828199;2.095127;2.900037;3.212341;3.244686;2.836101;3.278803;6.731229;4.789792;2.956461;2.591611;1.33775;0.842107;tumoral;TCGA-LUSC;SQC
TCGA-85-8479-01A;2.022175;0.795053;2.062744;3.044048;5.256811;4.986559;2.568166;4.760918;3.91848;5.046272;3.395144;0.731007;2.367649;3.425198;2.643929;4.354768;4.2155;3.34288;3.1426;0.205359;1.864746;6.854498;1.099852;4.923351;5.439573;2.236906;5.158902;4.865372;2.208319;0.508483;3.901956;7.173845;1.959871;3.025608;0.434705;4.540502;4.039842;1.532035;3.500577;5.417462;5.758853;1.904738;1.699228;2.593756;1.851387;3.478012;0.346543;0.749769;1.143228;0.171289;tumoral;TCGA-LUSC;SQC
TCGA-85-8666-01A;5.081326;1.847408;3.472309;5.064267;2.332815;4.554978;3.791437;3.437406;3.527964;4.553245;2.121254;1.059957;3.131171;4.866393;1.084348;6.636762;3.282881;1.40221;6.347396;2.191062;4.111301;6.649276;1.385599;4.360964;6.486299;1.996883;3.758357;4.823241;0.952701;1.460307;2.059909;5.898441;1.822573;3.622431;1.358447;4.000246;5.434557;2.603257;1.890106;4.295918;3.22979;2.845487;2.99242;3.765791;7.134901;5.574143;1.137086;2.380319;2.11131;1.44128;tumoral;TCGA-LUSC;SQC
TCGA-43-A475-01A;7.149836;3.377885;3.847991;4.264981;2.861193;4.997043;5.063898;1.645197;2.846735;4.88226;2.488361;1.674551;2.887105;4.043137;3.569618;4.378208;2.610571;2.03938;8.411924;6.237443;1.929257;5.778637;2.368104;3.06865;2.431817;1.05928;4.083229;2.603151;2.540311;4.253466;2.990409;5.866942;2.749996;1.149757;2.363028;4.636366;5.184513;3.482839;2.861123;4.215295;1.556225;2.52354;1.06115;3.40436;5.773363;1.963504;3.153089;2.965662;1.701252;2.359815;tumoral;TCGA-LUSC;SQC
TCGA-37-A5EN-01A;4.849668;3.600361;4.612301;4.016964;4.719187;4.284361;4.491147;2.821542;4.389614;4.809836;3.957804;2.054221;3.050457;3.550984;3.256214;5.724142;2.418794;4.141272;5.439255;3.553063;4.213218;5.286706;2.965655;3.816547;2.43889;1.321296;4.789058;2.396782;1.433313;2.049128;2.773773;6.574404;3.053168;2.185081;2.010991;4.342633;4.150171;3.385232;3.566434;3.298654;3.058427;2.382655;1.521112;4.728575;2.578397;2.863279;2.02696;2.263611;1.635533;0.316632;tumoral;TCGA-LUSC;SQC
TCGA-56-5898-01A;5.952538;3.022836;3.63311;4.166512;4.138187;4.338964;3.025506;4.950156;4.743278;6.235566;3.135507;1.892346;3.479268;3.463788;1.928677;5.873798;4.124843;2.433208;7.133796;5.769212;3.065304;6.003979;3.052747;4.054825;5.007822;2.392138;5.923558;4.157801;0.623743;1.563296;2.878298;7.290301;3.862306;3.435023;1.783122;3.174115;3.428703;2.208304;1.971254;4.065463;4.233137;2.846582;1.649264;2.103156;3.696035;2.566098;0.899248;2.205904;1.976979;1.287937;tumoral;TCGA-LUSC;SQC
TCGA-77-8156-01A;7.516942;4.077677;4.28061;3.715652;3.494213;5.093514;5.377196;1.923058;3.797879;5.051135;2.407356;1.275006;2.294087;4.620852;1.694438;5.995206;2.946302;2.646732;9.160181;6.772498;3.06541;6.592131;3.88979;3.69535;3.457231;0.942849;3.915556;3.347329;2.421482;3.290336;2.816756;6.411656;2.330491;1.826059;1.495917;3.668396;4.943283;3.494686;2.678703;2.274029;2.457491;2.21356;1.994618;4.612867;5.79796;5.063833;1.517061;1.950845;1.99985;2.543036;tumoral;TCGA-LUSC;SQC
TCGA-60-2725-01A;7.627977;4.180486;3.881791;3.449014;3.464365;5.73943;4.043328;1.709005;3.638389;6.2561;2.889582;1.66118;4.580778;5.000944;0.313393;4.578898;3.997902;1.109613;8.527537;6.231542;2.760003;6.401038;4.066905;5.155773;5.792015;1.762158;4.427444;3.984348;0.685039;3.254811;3.884923;6.857138;2.860394;2.140921;2.020733;3.588298;4.193846;3.583272;1.313153;3.136604;4.050566;3.650309;3.244514;3.565828;5.779658;3.203796;0.977481;3.109813;2.341659;2.108762;tumoral;TCGA-LUSC;SQC
TCGA-66-2789-01A;5.762899;1.849125;3.924868;3.776824;1.45379;5.47354;3.150812;3.41888;2.201453;6.179947;2.710487;1.814445;4.630592;3.781467;1.217771;4.025095;4.709683;2.212409;6.814983;4.438924;2.180949;6.8135;4.808306;5.212145;4.658428;1.684658;3.857327;3.073357;0.840557;1.485655;3.063287;6.454942;2.905653;2.35041;1.370069;3.84681;3.780115;2.180918;1.648602;2.567241;4.04825;3.024257;1.734837;2.584256;6.612997;2.277929;1.726727;2.700781;1.934591;1.039505;tumoral;TCGA-LUSC;SQC
TCGA-66-2737-01A;5.581021;2.437428;4.267738;4.316511;3.459643;5.045922;3.439626;2.366345;4.248423;4.407423;2.755805;1.142938;3.175457;3.658026;1.931215;5.078277;4.551964;1.909786;6.242669;5.852799;2.606637;6.192226;4.122283;3.428882;3.038134;2.205561;4.236953;3.216546;1.743883;2.079857;2.896039;6.498378;2.805269;2.48842;1.215874;3.541378;3.82304;2.484896;2.007561;2.146588;2.576927;3.000855;2.254794;3.148411;6.297229;2.012649;2.441277;2.266736;1.421732;1.144585;tumoral;TCGA-LUSC;SQC
TCGA-22-5479-01A;5.165632;2.271084;3.388657;3.970408;4.157027;4.985247;3.960905;3.848191;4.916462;3.602744;2.249907;0.63347;3.020238;3.769501;1.076504;5.410903;5.065449;2.770036;6.194329;5.737827;2.005928;7.118001;1.778862;3.583787;3.930959;1.165146;4.807013;2.816304;0.945528;1.92873;3.056556;5.64364;4.111609;2.784571;0.61529;4.26485;5.549791;1.960648;2.375988;2.631291;1.224368;2.894977;1.711;4.607621;4.773502;4.336936;2.22025;2.534272;1.929504;0.910446;tumoral;TCGA-LUSC;SQC
TCGA-60-2724-01A;2.985013;1.957496;4.343314;4.762975;3.679035;3.802409;2.833552;3.02058;3.612379;5.627346;2.273017;0.739774;2.215411;3.823517;0.946431;4.565527;3.085438;1.708179;3.62517;0.8375;4.034449;6.173111;0.642124;3.682527;4.99318;2.301434;4.725292;3.171709;0.550359;1.092018;3.023928;6.560535;2.9106;2.433475;0.793711;3.22046;3.630247;2.550621;1.913484;2.133251;4.580971;3.809728;2.046346;2.942874;3.64632;1.271593;2.208355;1.180407;1.231792;0.682643;tumoral;TCGA-LUSC;SQC
TCGA-77-7337-01A;3.122268;2.191625;3.695097;4.331005;4.367735;5.61467;4.083075;4.440936;3.205278;5.679028;2.192393;1.021319;3.273293;4.273559;0.229114;4.590529;2.440888;1.749086;3.85037;3.669726;1.609111;5.888279;3.318092;5.423096;6.139081;2.147;3.662659;3.097013;0.0;1.462886;1.897884;6.652477;2.110733;2.690262;1.650345;4.242886;5.007186;1.095582;1.382775;2.088509;4.085726;2.689449;2.365302;3.77931;6.538704;3.750032;1.419184;2.257439;1.700389;0.618931;tumoral;TCGA-LUSC;SQC
TCGA-77-8143-01A;5.068644;3.138819;3.045521;2.702028;3.729686;6.320753;4.488831;2.174846;0.43167;3.755319;1.502536;0.327381;5.60276;2.425671;1.455608;4.977643;3.060953;2.042212;5.346748;0.875134;1.504622;6.242528;4.943112;3.359369;6.153456;3.633139;5.907196;3.385106;1.716581;1.605334;3.622424;7.687653;2.390481;2.25379;3.792432;5.265788;4.689167;1.492909;1.855799;2.339291;1.432029;3.91181;1.002324;3.603198;4.92801;0.347159;0.181459;2.652716;0.78907;0.64381;tumoral;TCGA-LUSC;SQC
TCGA-66-2785-01A;6.689693;2.098799;3.221776;2.678281;3.942957;3.897926;3.276388;1.517366;1.427739;5.445193;2.541505;0.430126;3.995308;3.496987;1.151939;4.092597;5.052182;1.355764;8.449987;6.078204;2.24329;6.533887;2.030209;3.740921;4.250475;1.47287;5.16697;4.883298;1.339492;3.767186;3.610829;7.6958;2.729888;2.369001;1.929633;3.431274;4.656375;3.478174;3.091353;2.327291;4.726758;2.093535;3.46013;2.816255;5.897445;4.122471;0.506681;2.502502;1.016853;1.68663;tumoral;TCGA-LUSC;SQC
TCGA-94-A5I6-01A;3.916522;3.224576;3.32691;3.908715;4.03228;5.280693;3.991378;2.921101;3.298606;3.811704;2.941416;1.379171;0.987355;3.247516;2.814014;5.347994;3.160543;2.86738;5.152984;0.790682;2.915613;6.270597;0.751865;3.512277;4.180691;1.200779;4.858292;3.440043;1.898494;0.587836;2.045666;5.343011;4.284112;2.601212;0.727323;4.669294;4.886917;2.414619;1.958856;4.159094;3.773479;2.408677;1.731437;3.82133;5.649155;2.971704;2.542838;2.387115;1.031216;0.637126;tumoral;TCGA-LUSC;SQC
TCGA-77-8145-01A;4.120187;2.775714;4.832444;4.134338;5.171535;5.790081;3.148407;3.276321;3.695395;4.413472;2.536475;1.215243;4.329895;3.371551;3.689333;4.737974;3.681215;1.732941;6.472742;4.760636;2.360779;7.147341;3.802868;5.185108;5.644511;1.558386;5.517557;3.297524;1.472132;1.088775;1.190608;6.970548;1.578655;2.495177;0.733031;2.958717;3.420432;2.765902;2.231482;2.361993;4.648621;2.427526;2.267691;2.048819;5.87417;2.550402;2.032659;2.374509;2.522658;0.73245;tumoral;TCGA-LUSC;SQC
TCGA-66-2777-01A;7.248572;3.335801;4.101501;4.580959;5.104745;5.194166;5.012268;2.662174;4.39487;5.595093;3.244958;1.68328;2.771524;4.906223;1.109172;6.802691;4.41876;1.332679;7.895678;4.367767;3.089719;6.498262;2.697254;3.959734;5.853369;2.185487;4.740401;4.67108;0.254889;1.529753;3.776314;7.156714;3.54376;2.620977;2.234796;3.917894;4.222302;2.38562;1.440735;3.128145;2.646012;2.883506;2.554759;3.118642;7.984441;2.130569;2.405246;2.216617;1.672024;1.578664;tumoral;TCGA-LUSC;SQC
TCGA-63-A5MH-01A;3.486008;0.495684;3.606656;4.18695;2.048404;4.184989;3.532554;3.229017;2.031104;5.391913;2.169867;1.330532;2.182864;2.65112;1.708849;4.327019;2.430741;2.425131;4.847915;0.591528;5.079525;4.525275;0.269113;6.506835;3.507856;0.474125;5.491474;3.526611;1.275531;0.797307;3.473753;5.245985;3.112996;1.439103;0.517963;4.602961;4.434143;2.59623;1.514778;3.899675;2.760113;2.524167;1.109279;3.625103;6.409467;6.833852;2.355904;2.302934;0.876793;0.868587;tumoral;TCGA-LUSC;SQC
TCGA-85-6561-01A;4.802085;3.22941;3.993924;3.622458;3.609863;3.15871;3.137485;3.084973;3.68174;4.677295;2.281547;0.376121;1.012931;4.235727;1.883404;5.993967;2.330025;1.514832;6.221549;7.387789;3.465812;6.138374;3.274538;4.081555;4.682954;1.877003;4.286907;2.695802;0.869721;3.081341;2.954947;5.581812;3.409094;3.08196;1.740492;4.338144;4.743502;2.658887;1.481979;2.83041;2.379313;1.92251;2.500046;4.342496;4.893594;3.841618;1.819958;2.943175;2.453198;1.607222;tumoral;TCGA-LUSC;SQC
TCGA-66-2756-01A;5.032842;2.450559;3.838744;4.482066;4.074632;4.639489;4.887208;0.926501;1.428899;5.095142;1.459351;1.63106;4.937592;2.539771;1.317441;5.574232;5.195365;2.630554;6.287989;3.973994;4.42274;5.077101;1.287132;4.458021;1.776855;2.388521;3.296441;3.840931;0.775656;1.657337;3.992389;5.907434;3.097191;3.941682;1.618718;2.927249;4.026313;2.670833;3.529985;0.972335;1.665541;2.802015;3.927141;3.415275;5.179434;3.367744;1.788877;3.545768;1.154262;2.033155;tumoral;TCGA-LUSC;SQC
TCGA-33-4586-01A;5.069554;2.544367;2.960031;5.235715;4.651979;5.357441;4.07348;4.223268;5.002115;4.959308;2.113037;1.287343;2.327165;2.716526;0.90889;6.186123;4.729288;2.290268;5.425038;1.360804;4.270283;6.548187;0.883224;3.292051;2.60761;1.484373;4.802771;3.260838;0.370835;0.811615;2.778027;5.129775;3.416254;3.904208;0.497436;4.225896;4.778999;1.316768;0.841155;2.923337;1.933807;1.014033;1.369984;4.202228;3.519952;3.982143;1.186979;2.842372;1.153694;0.368256;tumoral;TCGA-LUSC;SQC
TCGA-37-4132-01A;6.968706;2.005937;3.870771;2.410809;3.481273;4.296659;4.796819;0.937971;3.610972;5.190987;1.204133;1.639305;3.723618;3.19978;2.262274;3.83905;5.236188;2.151335;6.324927;7.787579;3.056102;5.025621;1.805724;4.166138;2.602668;0.883493;3.087564;2.203343;2.501516;1.840583;4.792317;6.383171;3.659876;4.450048;1.090883;3.71915;3.596163;2.238507;2.682631;1.264955;2.613105;2.730373;3.810962;3.731663;6.627434;4.703191;1.887075;2.049939;1.151374;1.392937;tumoral;TCGA-LUSC;SQC
TCGA-63-A5MI-01A;2.862339;3.48502;1.9168;3.695824;2.975333;4.510776;4.627903;0.997571;3.120817;2.861607;1.915616;1.627667;4.921079;1.646345;2.499025;4.676978;3.270245;2.120069;4.298079;3.059492;1.261587;7.300613;2.440761;3.90761;2.425936;1.224631;5.232869;2.643763;2.417413;0.949459;3.703492;5.782929;5.34956;2.154359;0.619749;4.120175;4.724999;1.468888;2.395363;2.855747;4.043205;3.896142;0.899644;3.456982;2.891137;3.602921;0.432464;2.510776;0.664582;0.23712;tumoral;TCGA-LUSC;SQC
TCGA-63-7020-01A;5.058502;2.602667;3.287504;3.713484;5.065956;3.536507;2.899441;3.005499;1.582338;6.815674;3.168204;1.979634;4.639388;3.523619;2.135222;7.03602;1.941078;1.505919;6.193232;4.883897;2.504014;6.078435;3.956128;4.870111;6.420793;2.989198;5.128214;3.983277;1.021617;3.191029;2.680371;8.063233;2.706599;3.520703;1.334936;3.732428;4.335205;2.238239;3.027415;4.274062;4.945455;4.399847;1.728092;2.749133;6.314543;1.886186;0.64865;2.220628;1.939095;1.059368;tumoral;TCGA-LUSC;SQC
TCGA-56-8622-01A;4.49209;1.902929;3.381759;3.889084;2.839126;4.392806;2.531033;6.439481;4.084049;5.517442;2.707753;1.119985;1.153528;5.188944;0.576197;5.7764;1.876079;1.852481;6.477482;4.814577;3.225245;5.502211;2.791665;5.266163;4.535554;1.488675;6.133093;4.334048;0.495582;1.573897;3.215107;6.625876;3.267564;3.184112;1.186561;1.690399;1.223891;2.014193;2.50867;5.347222;4.179396;2.243625;2.106137;0.797858;3.112443;6.339767;1.118267;1.344789;1.68006;0.692561;tumoral;TCGA-LUSC;SQC
TCGA-96-8169-01A;4.348208;2.624095;3.813726;4.832219;3.316847;3.938094;2.903003;3.095708;3.301175;7.244532;2.157357;2.042241;4.168096;4.442002;0.85365;4.529038;2.678976;1.126671;7.309042;7.571403;2.522409;5.884033;4.723732;5.710378;5.050061;2.365784;5.353669;4.276458;1.512541;1.999272;2.553538;6.280871;2.098197;1.936894;1.15645;3.12531;3.726547;2.617007;1.672628;4.374293;4.622091;2.960537;2.587869;2.089005;3.713744;3.757855;1.173437;2.071543;1.864911;1.315593;tumoral;TCGA-LUSC;SQC
TCGA-18-3412-01A;5.30686;2.110131;2.558355;2.724243;3.672546;4.863221;4.414966;2.381547;3.396148;4.697338;2.855877;1.017367;4.677751;2.825198;1.281991;4.346286;3.270612;3.491721;5.733;3.569712;0.913322;6.386953;1.92856;4.05956;6.061785;2.641143;4.194327;2.72345;0.805002;1.466685;3.652738;6.62295;3.57218;3.772802;1.085104;3.77319;4.392759;1.196185;1.830093;1.915766;3.333597;3.362292;2.049744;3.846188;5.642643;2.472208;0.881662;1.707564;1.044042;0.70394;tumoral;TCGA-LUSC;SQC
TCGA-77-8136-01A;5.892259;1.831602;3.998498;4.135876;3.763626;3.897027;2.712872;3.242218;1.709607;5.038474;1.917625;1.285868;3.891465;3.861884;1.745702;4.657054;3.64012;1.782518;7.936828;3.397574;2.198404;5.910515;3.902443;4.613478;4.750747;2.087524;4.858058;3.804598;2.381555;2.592038;2.690047;6.413001;1.287389;2.138098;1.712677;4.578431;4.726846;2.906777;1.803574;3.745494;2.482091;2.70823;2.772118;4.333748;7.84293;1.605407;1.888512;2.74677;1.944946;1.995577;tumoral;TCGA-LUSC;SQC
TCGA-77-7463-01A;4.853488;2.827267;1.952288;4.638254;2.471034;5.082811;5.107894;2.17617;3.061488;4.245504;1.116621;0.599857;3.177812;2.915118;2.09522;3.451046;3.338706;2.323797;4.824325;1.755337;1.249045;5.813952;0.796437;3.571535;5.233466;2.344269;5.312287;2.412068;1.134594;0.887062;1.857326;5.425836;2.894351;3.532308;1.902739;4.667447;5.124935;1.367751;2.174403;2.802408;1.175301;3.347684;0.635065;3.154471;5.083728;2.096589;0.180371;2.711488;0.740717;0.558174;tumoral;TCGA-LUSC;SQC
TCGA-22-4601-01A;4.169277;4.365202;4.113846;4.40623;4.843461;5.185877;3.701822;3.920087;3.726662;5.233614;3.269557;1.327183;1.223032;2.867965;3.516321;4.948746;2.519602;1.863453;5.263095;4.527474;2.88144;5.638851;2.577845;4.85516;3.888856;1.506303;5.301276;3.840131;2.84316;1.310459;0.113779;6.335475;1.85892;2.818242;1.330923;3.792274;5.351099;1.843145;2.479765;2.6882;4.37548;2.091705;1.716314;2.458653;4.68367;3.211556;2.184694;1.968928;1.783627;0.871899;tumoral;TCGA-LUSC;SQC
TCGA-66-2753-01A;3.173218;2.636112;3.126376;4.423384;3.506899;4.832598;3.603083;3.409314;3.585963;5.426442;1.836463;2.574889;4.853276;3.479242;0.232672;5.199137;4.243651;1.593771;4.453089;6.48329;2.227375;6.248728;3.158338;6.779443;4.166705;2.76886;3.663605;3.922495;0.79129;1.187964;3.356385;6.179641;3.433081;2.61557;1.446113;3.977384;4.392537;2.765484;1.30195;3.282284;4.45809;3.534023;1.70816;3.019442;6.155964;3.689628;0.615832;2.770176;1.997458;0.643688;tumoral;TCGA-LUSC;SQC
TCGA-66-2770-01A;5.579222;2.266681;3.474435;3.716856;4.029966;4.970274;3.030556;3.361741;3.643611;4.917796;2.283895;1.029149;1.131697;3.731779;2.81744;5.4297;2.489611;1.903709;6.809442;5.339977;2.880633;5.474189;3.612482;3.334924;4.289284;1.431374;3.72608;2.642173;1.9345;2.501842;2.908717;5.074192;1.941783;2.146193;1.664794;4.333308;4.093306;2.935996;2.631276;2.203374;1.966246;2.592912;2.230689;3.493761;7.246981;3.968213;2.598465;2.286375;1.573362;1.58963;tumoral;TCGA-LUSC;SQC
TCGA-22-5485-01A;4.947799;3.815119;3.79332;4.281709;3.07818;4.272808;4.286288;2.784367;4.558466;4.993538;2.640269;2.043152;2.846355;3.268709;1.618239;6.343297;3.392059;2.077023;5.422391;0.44711;2.860776;6.299711;1.643612;2.691924;2.550462;1.377399;3.92498;2.933616;0.991048;1.327125;2.5;6.074012;2.618476;2.079639;1.201173;4.400668;4.310056;1.82121;2.197773;3.638696;2.057247;3.15265;1.551264;3.0049;5.551185;2.907831;1.81079;2.366459;1.468576;1.006864;tumoral;TCGA-LUSC;SQC
TCGA-58-A46M-01A;4.819702;2.951409;3.066875;5.470311;5.149082;5.048006;4.958053;2.328638;3.635481;4.540433;1.620339;1.17991;0.994453;3.006349;1.811785;6.552981;2.289159;3.414202;6.308512;4.90938;2.382715;7.128322;0.371563;2.213063;2.754806;2.158197;4.04529;3.322225;2.541426;2.695247;1.029804;4.810006;4.355094;3.189017;1.111216;4.581875;4.677242;2.088468;2.50171;2.171222;2.435048;2.604899;1.026705;5.246137;6.759277;2.762056;2.51004;2.787511;1.157546;1.406684;tumoral;TCGA-LUSC;SQC
TCGA-22-5483-01A;5.55107;3.189456;4.05339;3.144304;2.687739;4.581322;4.863921;1.039225;3.139583;3.404427;2.076564;2.582153;2.609218;4.520031;1.611245;5.609785;4.633945;3.227342;6.656647;3.871566;4.60831;5.124403;3.049113;4.877297;1.545494;1.766523;3.259293;2.628988;0.932398;1.205634;3.322776;6.426472;2.684354;3.296319;1.319688;4.807611;4.995642;2.07101;1.663387;2.049735;4.336079;3.054422;3.267993;3.853131;6.57301;4.94796;2.432131;1.467837;1.244515;1.200896;tumoral;TCGA-LUSC;SQC
TCGA-22-5474-01A;5.752752;3.74555;4.872692;4.620988;3.833207;4.653326;4.42885;2.711543;3.85258;5.876747;3.01112;2.125876;3.543873;4.27134;0.20287;5.045304;4.820939;2.630852;7.285289;7.297589;3.854832;6.477946;2.63602;2.499;3.764048;2.08222;4.781686;4.174135;1.176743;3.262447;3.84919;6.619704;2.875385;2.198466;1.576381;4.183897;4.029495;2.518393;1.399052;2.509665;4.419306;3.977804;1.192924;3.884731;5.86084;2.71156;2.686307;2.530624;1.62092;1.567184;tumoral;TCGA-LUSC;SQC
TCGA-43-3920-01A;5.966662;2.200521;4.016528;4.164686;3.728053;5.785327;3.515912;3.272757;3.403977;5.607843;2.057801;1.252469;3.168619;2.981001;0.909533;5.242479;5.479254;1.640573;5.471701;5.942175;1.464769;6.483478;2.805377;5.495868;4.548529;0.675262;3.701702;2.731524;1.070512;2.302551;1.947782;7.289034;2.903199;3.559764;1.280974;2.582747;3.016073;1.659948;2.064573;0.783977;3.799272;3.421916;1.996716;2.864578;7.684233;3.86952;1.32264;3.587192;1.102103;0.886707;tumoral;TCGA-LUSC;SQC
TCGA-22-4591-01A;5.384223;3.407333;2.025323;3.404096;4.597375;6.037546;4.94105;0.985645;3.071181;5.102047;2.172797;2.409519;6.017112;2.147484;1.549862;4.308393;4.771994;1.93629;6.251235;2.573478;1.82702;6.732473;3.408433;4.952798;1.947037;2.957201;5.130645;2.718536;1.880813;1.485639;3.250075;7.042764;3.218581;3.86807;0.756169;4.073362;4.716877;1.894481;2.175947;2.366077;3.318907;3.62605;1.951664;3.651369;4.110953;4.487734;0.202709;2.948177;1.255547;0.872449;tumoral;TCGA-LUSC;SQC
TCGA-22-5492-01A;5.893826;2.737529;3.430011;3.982269;5.430793;4.753514;3.050832;2.32322;1.76309;5.120644;2.625872;1.946343;5.330396;4.151012;1.806278;5.338114;3.88265;1.570873;7.064077;6.502089;3.02189;6.987674;6.157278;4.355085;4.757183;2.783933;4.157151;3.540787;0.476096;2.999415;2.468156;6.802583;3.047295;3.935241;1.929312;3.861963;4.59889;2.455729;1.806117;4.060243;3.756543;4.005815;1.965702;3.520455;6.256269;3.762417;0.825307;3.028545;2.019629;1.80078;tumoral;TCGA-LUSC;SQC
TCGA-22-0940-01A;6.879563;1.868183;4.31708;4.298246;2.312152;5.027446;3.705506;1.89946;2.564796;5.859702;2.067958;1.02202;3.458711;3.468418;1.295197;4.696292;4.451554;2.228521;7.531811;5.815048;2.390666;6.845446;3.821167;3.433784;2.686923;1.073519;4.461762;3.907301;0.814605;4.290484;3.077027;5.722615;3.676956;2.085611;1.538951;3.737205;4.733334;2.379833;1.580408;2.035623;3.612493;2.5422;2.789765;3.478667;5.683179;2.416279;1.103811;3.028597;1.374173;1.757749;tumoral;TCGA-LUSC;SQC
TCGA-52-7811-01A;6.491866;2.761528;3.864186;3.730324;3.962894;4.526981;3.982773;4.050984;3.344533;5.795598;3.662741;0.994404;2.88372;3.704883;1.928008;7.025535;2.267677;1.301158;6.958056;0.736217;3.58768;6.493433;3.524841;4.47846;6.490782;2.159759;4.28882;3.013422;0.370483;1.103722;3.196527;6.605424;2.696332;3.744004;1.573615;3.913219;4.414555;2.016204;1.591787;2.50625;4.492946;2.931167;2.186025;3.257392;5.780663;4.511662;1.435963;2.626286;2.519159;0.910914;tumoral;TCGA-LUSC;SQC
TCGA-66-2771-01A;8.398119;2.671059;3.403833;2.947222;4.147708;5.110399;3.536393;1.83832;2.530434;6.668269;2.688471;1.256207;4.644889;4.688953;0.641511;4.111038;5.086752;2.163348;7.751005;6.675134;1.012974;6.771751;1.898135;3.938688;5.736009;1.98206;3.559061;3.304077;0.303074;2.42122;5.256498;7.946178;3.889988;3.854562;2.44757;3.609354;3.255064;2.167022;2.241074;1.076866;2.407621;4.261161;1.638602;3.010589;5.49823;1.256418;0.592903;1.105633;1.357076;2.047729;tumoral;TCGA-LUSC;SQC
TCGA-77-8154-01A;4.451637;3.690456;2.387505;4.373422;3.75297;4.657952;3.428738;3.091366;2.249821;4.47377;2.522716;1.085046;6.019008;2.543242;1.229505;5.625116;4.078909;2.973169;5.842413;2.537689;2.598525;5.784561;2.272621;3.512167;5.402074;3.449256;4.817592;3.573927;1.928746;0.698095;3.12696;6.786252;2.232747;3.478247;0.694175;3.565401;3.959277;1.413451;3.19506;4.284522;5.905126;4.035086;1.721624;2.73496;3.022964;0.598712;0.7998;0.852622;1.708289;0.225022;tumoral;TCGA-LUSC;SQC
TCGA-18-3415-01A;5.711244;4.058345;2.868106;3.874949;4.632372;6.086065;4.040742;2.088201;4.466748;5.655939;1.705429;0.761393;3.691347;2.776806;1.573336;5.35774;3.956978;2.521769;5.792135;5.159567;1.656848;7.105584;0.91599;3.504827;4.786688;1.068001;4.342182;3.127349;0.305311;1.982394;4.125147;6.712145;2.805972;2.746722;1.176309;4.438976;3.739129;1.454624;1.431446;1.585529;2.112814;4.14021;2.18789;3.464941;4.84405;1.801641;1.771368;1.684468;1.10757;1.004443;tumoral;TCGA-LUSC;SQC
TCGA-33-AASB-01A;3.796367;0.338216;2.69829;4.59456;4.605669;5.000324;4.08921;1.983568;3.157519;4.596401;2.51049;1.680943;4.106742;2.012986;2.733316;5.388279;2.57234;2.227237;4.657994;1.207131;3.765356;4.938063;0.667821;6.401101;4.42771;2.360861;3.218258;5.587553;1.261668;0.286696;0.351911;6.459525;1.767598;2.804982;0.984035;4.578999;4.21687;2.075901;4.296257;1.138018;3.84167;2.220668;1.613537;3.759703;0.949704;1.808001;2.680322;1.099866;0.525678;0.249867;tumoral;TCGA-LUSC;SQC
TCGA-56-8628-01A;6.315247;2.739826;4.6556;3.570207;3.41285;5.840687;2.746731;4.103969;2.409534;6.312781;3.261248;1.187918;4.535865;4.181486;2.465967;4.784694;3.110659;1.77794;8.055266;5.494086;3.993012;6.569939;4.762215;4.822437;3.564164;2.360183;4.74168;3.516541;1.466302;3.325534;2.214481;6.811981;1.944832;2.251165;1.828018;2.963331;3.130612;3.308171;2.605255;3.758694;4.440731;2.11359;2.698953;2.237127;5.915899;3.548476;0.945104;2.773591;2.833152;1.422815;tumoral;TCGA-LUSC;SQC
TCGA-86-8073-01A;7.275497;3.380271;4.176821;4.584158;3.837011;5.298414;4.427812;1.798486;2.658742;7.163078;3.749351;3.178391;4.349755;4.046008;2.629618;6.552752;2.642092;0.925297;7.978199;1.546292;2.954342;6.566951;5.016506;6.038807;1.62438;3.752673;2.934179;3.024796;2.158918;1.858174;2.904277;8.068028;3.873696;2.435267;1.804791;2.957977;2.394386;3.464524;2.081021;1.314811;2.307993;2.96653;1.158707;2.232797;0.259776;1.017083;0.548097;3.116173;1.806876;1.066305;tumoral;TCGA-LUAD;ADK
TCGA-50-6673-01A;6.099241;2.465565;4.9032;4.990245;2.267748;5.386371;4.430418;2.253322;3.080751;6.216349;4.843588;3.041291;3.315841;3.647619;0.669029;7.644939;2.938586;0.954976;6.760494;6.590243;4.872407;6.057598;5.255429;6.430551;3.456976;2.781055;3.157614;2.707255;0.0;1.811047;0.737803;8.217941;1.590348;1.221854;1.798531;2.450985;2.593025;2.6262;1.009732;1.825962;6.381447;3.078524;1.855298;1.898594;3.040762;5.844783;0.611795;3.174405;2.351263;1.194401;tumoral;TCGA-LUAD;ADK
TCGA-50-6590-01A;5.650555;2.085741;4.271968;2.871255;4.506337;4.581049;3.474426;3.083322;2.202328;4.669738;2.540928;0.556338;2.317236;4.40032;1.920459;6.127277;3.185074;0.943442;7.84665;8.741126;4.136564;5.974342;1.16931;5.550974;2.863554;2.2929;2.946359;4.637121;1.196643;2.716795;3.337083;7.194938;2.449213;2.398361;2.583753;4.259069;5.350387;2.933384;2.111997;0.738255;4.002775;1.952148;3.604213;3.905449;8.051575;4.597371;1.741698;2.55165;1.811283;2.123063;tumoral;TCGA-LUAD;ADK
TCGA-L9-A444-01A;6.55284;2.258604;4.753197;4.95709;3.625697;5.167629;4.506142;2.574541;3.000077;5.722565;4.359342;1.625213;3.940499;3.85243;2.212781;4.949399;3.273897;2.293911;8.247216;5.650041;2.997643;5.82103;3.873767;5.699015;1.458233;1.879764;2.94473;3.919606;3.576306;5.239478;2.602648;7.599437;3.685074;2.262038;2.053192;2.065608;2.373063;3.89173;3.267038;1.083461;4.379201;1.220374;1.612821;2.387841;2.036794;0.25181;1.918843;2.861723;1.881462;2.336882;tumoral;TCGA-LUAD;ADK
TCGA-55-6982-01A;6.311708;2.487932;5.484375;4.141776;4.369817;5.951518;5.160337;2.063237;3.324774;7.630595;4.049417;2.557703;3.662697;4.755401;0.0;6.618721;3.086256;0.973317;7.650715;3.71584;2.548395;6.432176;5.171734;7.161401;4.145841;3.268479;3.326416;4.344662;0.768503;2.317142;3.095584;7.473486;3.183184;2.037543;1.962783;2.669947;3.263172;2.631407;0.996454;0.636451;5.280256;2.076466;2.244605;2.423833;5.238494;2.749937;2.233482;2.673346;0.953685;1.796837;tumoral;TCGA-LUAD;ADK
TCGA-55-6971-01A;6.415207;2.827644;3.923294;4.061574;4.136647;3.680254;3.420117;2.570484;2.704101;6.176004;2.801328;2.619067;5.249745;4.468107;2.57731;4.893768;3.449341;1.460109;7.94057;8.577284;3.481356;6.22025;3.483199;4.734935;3.067711;2.553317;3.567218;3.835136;2.006087;3.907814;1.83003;7.094682;3.061128;2.321501;2.485777;2.764053;3.263433;3.556753;2.436388;1.623991;5.55043;2.275234;2.487404;1.884674;5.776855;5.267907;2.946091;3.186735;2.179238;2.319285;tumoral;TCGA-LUAD;ADK
TCGA-55-7816-01A;3.675389;2.561397;4.520299;3.227345;3.624407;3.964377;2.386325;1.593374;1.693295;4.817689;3.561129;2.816675;1.803965;4.405822;2.378264;4.646269;2.589963;1.281771;4.841685;3.917853;3.335314;6.358163;4.0401;3.580679;2.582786;1.699659;3.013219;3.120158;0.875603;2.18945;2.059268;6.566293;2.627683;1.264068;2.292544;1.455743;1.540789;2.711885;1.872674;1.629643;4.480922;1.564251;1.815279;1.186285;0.209137;1.235563;0.955166;4.498728;2.463432;2.440177;tumoral;TCGA-LUAD;ADK
TCGA-86-8055-01A;4.977895;2.304301;5.270213;5.048971;4.694489;4.96364;4.312383;2.483382;2.810473;5.949288;3.161909;2.2577;4.049786;4.731791;0.229085;6.520533;2.440727;0.905037;5.954894;4.428115;4.571855;6.234314;5.028282;6.344487;3.93716;2.423919;3.430849;3.315397;0.781099;2.083111;5.621447;7.322996;4.256898;2.182147;2.23519;3.1804;2.858669;2.632678;1.243229;1.623743;5.024649;1.386696;2.059663;2.320084;5.305228;4.622176;1.785597;3.285171;1.706808;1.434042;tumoral;TCGA-LUAD;ADK
TCGA-55-7727-01A;5.964486;2.464314;4.098079;5.320626;3.370653;5.798062;4.387075;2.659215;3.427867;6.469369;3.108684;3.520119;5.927911;3.574061;1.332353;4.34678;2.792792;1.894076;4.843422;4.033265;2.537964;7.659546;1.46964;5.828032;1.779308;2.966912;3.558845;3.946081;2.130988;1.735156;0.562856;7.627311;0.670328;1.747964;2.06352;3.275054;2.388845;2.601673;1.36492;1.614299;3.889309;1.793292;0.62486;3.706373;2.353452;3.151458;2.259644;3.318746;1.789002;0.592743;tumoral;TCGA-LUAD;ADK
TCGA-38-A44F-01A;7.259167;1.816445;4.53966;2.756407;5.435581;5.006416;2.989003;2.4401;2.127368;6.437404;4.301512;1.731666;3.183154;4.468594;0.0;5.81019;2.603754;1.820594;7.069624;4.840144;4.246074;6.840486;4.973141;5.269898;4.626201;2.818519;4.359641;3.888879;1.701197;3.194576;1.201495;7.770057;1.42904;2.034453;1.977205;1.43674;1.517072;3.943527;3.266338;1.163203;4.139277;2.190553;1.593374;1.197804;3.889457;4.559908;0.934804;2.989348;2.683167;2.906658;tumoral;TCGA-LUAD;ADK
TCGA-MP-A4TK-01A;6.582595;2.85097;5.816787;5.243121;3.378676;4.406021;3.484575;2.220439;3.339289;5.015935;3.49211;1.102111;3.879719;4.459237;1.342393;5.187586;2.704068;1.637901;7.14579;3.383176;4.24793;6.27365;5.643086;7.942743;3.161928;1.791223;2.914442;3.602631;2.277016;2.96338;2.657615;7.203116;1.951134;1.180831;2.438851;3.444724;3.404409;3.619028;2.935515;1.525438;5.41216;1.956279;2.266716;2.078267;3.630153;3.21396;2.853917;2.776874;1.851993;2.294658;tumoral;TCGA-LUAD;ADK
TCGA-49-4510-01A;7.116286;2.154237;3.178246;2.806105;4.559062;4.219516;2.690464;2.172658;3.825043;8.269881;3.47947;2.006934;3.328215;2.356096;1.54483;4.854943;3.496937;1.239927;7.495667;4.263461;3.487481;5.984149;4.827329;7.147473;0.601574;3.124031;2.784919;2.503171;1.100105;4.460602;4.000843;5.276802;4.318868;2.334527;2.012766;1.133567;0.719698;2.63976;3.188741;1.231377;4.815735;1.530929;1.205753;0.237997;1.316033;0.690377;1.457248;3.252784;1.992295;0.645154;tumoral;TCGA-LUAD;ADK
TCGA-05-4244-01A;6.88736;2.455287;4.281358;5.763528;3.115992;5.107732;3.537661;1.641448;3.540307;7.725938;4.550392;1.635098;2.573536;4.698899;1.558948;5.411425;4.441877;1.213759;6.278373;1.61132;2.13586;5.853485;2.018569;6.665499;4.184291;2.595786;2.524834;4.392245;2.230664;1.643657;2.370551;8.146717;4.243374;2.058291;2.561469;2.488158;2.524181;3.201222;2.5841;1.160895;5.620231;2.142266;1.401994;2.458293;5.189881;1.690407;2.5461;2.865651;1.248578;1.440682;tumoral;TCGA-LUAD;ADK
TCGA-86-8668-01A;5.544042;2.964849;3.90706;3.757282;2.644607;4.255523;5.293528;4.122833;1.757859;8.77602;2.36474;3.180012;3.683789;3.484465;0.0;5.760316;1.621532;0.807381;7.115732;6.273576;3.347459;7.79094;5.448041;4.806115;1.88974;3.280925;4.308217;3.307929;1.410113;2.482481;3.576856;7.227648;2.845449;0.907025;2.141606;1.873305;1.571685;3.103953;2.140894;1.576557;6.376638;1.348689;1.249256;0.956211;1.506054;4.897698;0.864116;3.097713;1.989399;1.040175;tumoral;TCGA-LUAD;ADK
TCGA-49-AAR0-01A;8.525025;2.035653;4.052532;2.786955;4.61113;4.229227;3.648275;2.795649;2.539019;6.995116;3.533233;1.818875;4.182657;4.250941;2.161179;5.743851;3.193626;1.686886;9.486087;3.870947;4.003787;5.859503;4.426577;4.69745;1.68461;4.09148;3.37144;3.878977;1.618783;3.7005;3.993103;7.17013;2.754884;1.968315;2.028066;3.013911;2.74512;4.443707;4.114862;1.513661;5.024489;1.555655;2.004109;2.046312;2.034338;1.272003;1.276438;2.726904;2.545098;2.141522;tumoral;TCGA-LUAD;ADK
TCGA-86-8669-01A;5.914779;3.837989;2.756713;2.387932;2.748167;4.160825;4.838827;2.625862;2.676334;6.98134;4.92654;3.180006;4.678643;3.34768;1.245395;5.636002;3.030519;0.720176;7.070985;5.596529;3.007575;5.517833;3.699642;5.494952;2.559999;3.646702;2.763305;3.690127;1.71772;2.519072;3.527982;4.184057;1.9772;1.76656;2.614267;2.602429;2.252806;3.113079;3.242281;1.792039;2.741279;2.956372;1.430636;1.727041;4.798608;2.652579;1.464247;3.178048;1.580883;1.2488;tumoral;TCGA-LUAD;ADK
TCGA-86-8672-01A;6.145169;1.333756;4.995032;3.891029;4.681089;5.05981;4.318565;2.570596;2.821155;4.443275;3.182404;1.124959;4.420575;4.92184;1.547769;6.844271;1.590997;0.544986;8.147733;7.927904;2.249851;5.17781;2.651953;6.119048;2.690835;2.87445;2.764872;5.726634;1.381921;3.981984;3.235236;7.230085;2.418625;1.445645;1.812283;3.588673;2.976104;3.310163;2.523631;0.565203;3.944289;3.222204;3.421435;2.938595;5.055582;2.240278;1.159051;2.17978;1.681385;1.779763;tumoral;TCGA-LUAD;ADK
TCGA-97-A4M6-01A;6.591063;3.244579;4.481786;3.678719;4.158;4.403459;3.631508;3.296562;4.319107;7.190476;4.874293;3.394701;4.413442;4.886881;1.944438;5.722045;3.75106;1.390777;7.068472;1.849336;3.388114;6.13942;6.328682;5.402417;2.286476;2.871581;4.168107;4.328218;1.756458;2.97109;2.934109;7.643846;2.643083;1.775612;2.462268;2.022831;1.657647;3.639424;2.981127;1.126433;4.629818;2.778648;2.127204;1.087841;2.125499;3.743723;3.26438;2.769623;2.222034;1.762321;tumoral;TCGA-LUAD;ADK
TCGA-78-7143-01A;7.173224;3.28387;4.11573;4.267083;2.907979;4.468904;4.612359;2.919641;2.919159;6.840784;3.269783;3.542862;4.877065;4.204117;2.368481;5.575245;3.07581;1.83066;7.549836;0.820479;3.322107;7.09712;3.531643;6.159793;3.317126;3.08941;3.785813;4.919261;2.511921;3.912214;3.329722;7.782144;3.365107;1.576556;2.138921;3.224327;3.67161;3.039423;2.126365;2.026387;5.29235;1.935481;0.817321;3.13294;3.175843;3.744521;1.114584;3.692074;1.437898;1.164786;tumoral;TCGA-LUAD;ADK
TCGA-55-6987-01A;7.073081;2.222552;3.841675;4.794223;4.420516;5.064436;4.023518;2.514293;2.913213;5.924689;2.211982;2.496499;4.963261;4.765465;2.371651;4.720378;3.371769;1.546882;7.889215;5.444847;2.776189;7.681703;2.575376;4.570107;2.565052;2.707397;3.530213;4.019173;1.196093;4.873232;1.761933;6.800316;3.872396;2.453098;2.620893;2.183723;3.368058;3.338145;2.336624;1.015798;2.61331;2.581556;2.437571;2.458825;4.922028;0.970736;2.459311;2.987395;2.041843;2.443827;tumoral;TCGA-LUAD;ADK
TCGA-95-A4VK-01A;4.751079;1.899106;4.055068;4.402432;4.49536;6.18181;4.937274;1.461743;3.822247;5.379461;2.29623;2.584503;4.060228;2.504109;2.960005;7.485139;3.75464;2.136508;6.760786;4.896308;3.423583;6.896703;4.965995;8.313387;0.74426;2.246432;3.295108;2.899015;2.735961;2.014461;1.964277;8.140708;2.070632;2.331617;1.312543;2.473809;2.714343;3.786083;3.283464;1.62366;5.055213;2.318421;1.228783;1.541502;1.646404;2.145948;1.560456;2.981733;2.026077;0.715116;tumoral;TCGA-LUAD;ADK
TCGA-NJ-A4YP-01A;4.512018;1.202244;3.9855;4.627563;6.483254;5.756114;4.809431;2.782282;2.204047;5.461277;4.102053;1.668275;4.327288;3.05752;1.414892;6.276451;3.361076;1.329514;5.722803;3.784509;3.127433;6.149202;3.404504;5.598373;3.736906;3.022733;2.813784;4.110587;2.086278;3.202175;2.921982;6.605276;5.26767;1.33653;1.253738;2.924121;2.748865;2.518098;2.911577;1.50578;3.945583;2.611845;2.333521;2.221687;2.81167;3.073377;2.713254;3.054138;1.622313;0.89446;tumoral;TCGA-LUAD;ADK
TCGA-55-7728-01A;8.923329;2.556705;4.759095;1.82697;4.281203;4.624423;2.87362;2.235507;2.407893;6.685953;4.465233;2.008066;3.217392;5.761309;2.788236;5.355685;2.623614;1.690886;9.917433;4.669752;2.038454;5.336799;3.921317;4.861267;4.652217;2.67353;4.106397;3.566034;2.568705;3.184795;1.748238;8.292932;2.154576;1.228756;1.957334;1.966259;1.563274;4.926787;3.188293;1.227733;3.47065;1.885802;1.39065;1.442792;3.634459;4.853598;0.595731;2.214538;1.67946;2.923387;tumoral;TCGA-LUAD;ADK
TCGA-44-2665-01A;5.455534;1.688638;5.95636;5.176591;4.664744;4.939439;2.776174;1.690128;3.482947;4.583538;2.516587;1.42811;4.400489;5.117262;1.292256;5.33283;4.841954;0.61836;5.240667;1.601538;2.211765;6.548636;5.116481;6.636885;3.423216;2.003489;2.931289;3.992485;1.699117;2.122872;2.769204;7.446736;3.279489;2.300769;2.078988;2.051367;1.835637;2.745745;2.848229;0.586602;5.914216;1.945998;2.472786;1.424396;3.328286;2.850386;3.215878;2.871055;0.999661;1.239699;tumoral;TCGA-LUAD;ADK
TCGA-78-7148-01A;5.657489;1.659091;3.877116;3.752975;4.018655;4.977332;4.553286;1.842685;4.014383;5.406766;3.063702;3.237362;5.22823;4.13553;0.804466;6.378141;3.499439;0.880601;6.174745;4.148171;3.213217;6.855665;4.334516;5.681861;1.495975;3.176198;2.632851;2.785896;0.501339;2.552749;0.600478;7.584214;2.577297;1.20399;1.232828;3.293351;3.272332;2.641013;0.513449;1.353971;4.200068;3.434108;0.955498;2.172386;2.301065;3.067843;0.398099;2.371986;1.671665;0.786232;tumoral;TCGA-LUAD;ADK
TCGA-97-A4M2-01A;8.106679;2.597439;3.961629;3.047125;4.54011;4.889926;3.388124;2.337924;2.715484;6.606723;3.950752;2.409404;3.726738;5.459705;2.371823;5.775615;1.87688;1.451009;8.961959;4.547661;3.755823;6.794158;4.240517;3.304088;3.199756;2.742169;3.778902;3.787896;2.098155;3.848766;2.317354;7.416952;3.191302;1.790235;3.238236;1.267287;1.482264;4.535694;3.628435;1.647654;2.294664;1.74249;1.122878;0.86489;2.516857;1.333029;1.054094;2.793553;3.05945;3.213353;tumoral;TCGA-LUAD;ADK
TCGA-97-8552-01A;7.506475;2.639507;3.61792;2.625179;2.770792;4.075586;4.06264;3.443688;2.501386;9.3599;4.00955;3.053054;3.783829;4.50569;1.493226;5.234942;2.95855;1.408328;7.851463;2.130569;2.807596;6.446195;5.906862;5.037987;2.133575;2.364596;4.121637;3.234439;2.33387;2.651273;3.332265;7.332392;2.181355;2.277382;2.879721;1.227791;0.979567;3.71978;3.855965;1.514066;5.676803;2.430034;1.067389;0.622367;0.473772;2.762423;1.841246;2.535599;2.25251;2.257579;tumoral;TCGA-LUAD;ADK
TCGA-55-A491-01A;7.226185;2.906044;5.767824;5.047602;2.152464;4.854983;4.020832;2.897113;2.96299;4.875139;3.33825;2.124949;4.047353;3.91518;0.62789;6.475237;3.948035;1.002147;8.915003;5.904343;2.860943;4.982711;2.894079;5.158818;2.591352;1.905924;4.42083;3.348761;1.096433;2.522783;3.535151;7.811481;1.541989;3.264648;1.326628;2.092081;2.067795;3.376825;1.462789;1.513545;4.745003;1.616952;1.579552;2.753256;1.627398;4.742972;1.237939;3.611961;1.462184;1.371749;tumoral;TCGA-LUAD;ADK
TCGA-62-8399-01A;4.328427;2.922006;4.209485;5.880607;3.416581;3.323023;2.914837;2.854009;1.949133;4.599113;3.737674;1.999314;3.807625;3.038025;4.00412;5.758129;3.103139;0.876513;6.301372;4.498158;3.798098;7.01686;3.87858;7.964221;2.091199;2.811939;3.121152;4.123839;2.173161;1.96764;3.096425;6.138599;1.824921;1.022456;1.499831;2.491067;3.122036;2.176098;1.734689;2.609256;2.016641;3.060176;3.353435;2.698703;1.599692;1.343551;3.137191;3.113323;3.50826;1.062543;tumoral;TCGA-LUAD;ADK
TCGA-86-8673-01A;5.764835;1.555073;4.74522;3.925425;5.326367;4.855672;2.789757;1.728161;2.194012;4.118091;2.681535;1.936947;4.555012;2.457738;1.189191;4.84903;3.646061;1.035694;7.318491;4.01407;2.838116;6.029272;2.347572;5.598991;2.000387;2.13671;3.354752;3.909978;0.341685;3.067246;3.913078;7.004575;2.328048;2.900139;1.335651;2.959853;3.301656;2.804881;2.376394;1.171637;7.873752;2.126064;2.68993;2.877463;3.768892;2.314163;2.024852;3.272841;1.027223;0.863537;tumoral;TCGA-LUAD;ADK
TCGA-93-7347-01A;6.996543;2.535581;4.813454;4.378714;3.110329;5.056274;4.895396;2.678423;2.687495;7.646255;5.282785;1.869762;3.068548;4.300762;1.75943;6.320215;2.716824;1.474509;7.569535;7.023906;3.030959;6.981794;5.08168;5.117543;2.826011;2.865484;2.750701;3.74617;1.219048;3.330669;1.781187;7.02516;2.014326;1.693372;1.93705;1.686503;2.215205;3.193193;1.916405;1.563788;5.105021;1.918962;1.740922;1.253751;3.130079;2.973836;1.536856;2.677422;1.757614;1.478487;tumoral;TCGA-LUAD;ADK
TCGA-44-A47G-01A;7.297177;2.741683;5.71509;4.210209;2.948446;4.258143;3.238964;3.224376;2.800178;5.941339;3.700266;1.611658;2.350887;4.605024;2.64032;5.580473;2.799815;1.740711;8.417274;3.326202;2.978249;6.40502;4.324164;7.96873;3.234348;2.348744;3.195307;3.546425;2.21483;4.102559;1.177268;6.991534;2.164745;1.542282;2.196544;2.319787;1.820553;3.98009;3.620939;0.906831;5.237887;1.926731;1.966238;2.205831;3.179659;2.991552;1.039769;2.961873;1.852711;1.281446;tumoral;TCGA-LUAD;ADK
TCGA-64-1676-01A;7.311623;2.196258;5.453398;4.397449;4.982726;6.041573;2.269571;1.63602;3.250984;6.756498;3.741837;0.604821;2.528972;4.17366;0.0;3.977208;4.034623;1.530514;6.112907;3.103982;1.189156;5.844165;1.266559;7.09274;2.273935;1.868609;2.034422;4.466716;0.821762;3.170324;3.746874;9.374712;2.616668;3.191947;1.987778;1.694669;1.046208;1.99156;2.770475;0.063247;4.640513;1.790897;4.259047;2.303182;2.646014;3.267916;1.092053;4.751112;0.837399;1.6987;tumoral;TCGA-LUAD;ADK
TCGA-05-4395-01A;5.271888;1.2033;2.890325;3.565957;5.88835;4.678363;3.565334;1.204768;4.268465;4.636813;1.309957;1.058509;4.066705;2.75649;0.576259;5.864099;2.964619;0.42406;6.321478;2.451322;1.220004;6.013761;1.851015;8.45739;2.807557;1.333505;2.519961;3.933703;0.268999;2.642525;4.390787;8.200758;3.233301;1.67001;1.561164;3.336577;4.281129;2.414007;2.54511;0.798597;3.821428;2.5052;3.515644;2.194341;2.33951;2.612521;1.333342;2.078553;0.827911;0.595953;tumoral;TCGA-LUAD;ADK
TCGA-50-6595-01A;5.121353;2.101283;5.078222;3.690119;4.742967;3.973177;3.206678;2.710297;3.043601;4.441422;2.136168;1.474817;3.338768;4.778354;0.75065;6.258741;2.342097;0.776134;6.770598;4.35328;4.213973;7.594122;2.062236;5.168834;3.402298;2.063799;3.59666;4.268281;0.0;2.741043;3.661038;7.122302;2.857752;1.504588;2.291299;3.610459;4.538811;2.471544;1.40537;1.446506;4.042799;2.200951;3.41432;3.759198;5.391842;4.412941;1.227525;3.182019;2.067201;2.023927;tumoral;TCGA-LUAD;ADK
TCGA-75-5125-01A;5.978356;2.618751;4.47497;3.145501;3.390034;4.840206;3.263698;2.553292;1.474254;4.62381;2.66339;1.949271;2.205047;4.475406;1.128138;4.687636;1.825049;1.5292;7.008678;4.144613;2.977417;5.587655;2.215263;7.375499;2.331237;1.982952;3.414752;3.617513;1.797071;2.449967;3.385212;6.538985;1.46529;1.956599;2.591731;4.005079;4.958332;2.825389;2.513615;1.209761;4.376336;2.012249;2.092927;4.367279;4.08501;1.353269;0.715525;2.355367;1.639694;1.958742;tumoral;TCGA-LUAD;ADK
TCGA-91-8497-01A;6.015643;2.913583;3.692075;3.052508;2.177192;4.674764;4.5454;2.52685;2.46419;8.745322;4.60766;3.89599;4.940206;4.439905;2.085233;5.990219;1.369369;1.053039;7.34893;7.442914;3.184463;6.377702;5.052533;4.200993;2.282317;2.724437;3.388694;3.480361;2.003248;3.96384;2.844983;6.831176;2.104119;2.080489;2.176339;1.417731;1.179684;3.816536;2.869261;1.441837;4.933933;2.437815;1.680728;0.51774;4.07414;3.365926;1.569115;3.11261;2.551257;2.108012;tumoral;TCGA-LUAD;ADK
TCGA-97-A4M3-01A;4.102472;2.441336;3.346117;3.692204;4.83514;3.993218;2.491985;2.028944;2.339643;4.390007;2.710888;1.735111;0.817579;2.670343;2.444597;5.467455;4.079845;1.320328;6.133549;2.950059;3.597932;5.906887;4.924756;6.447226;1.966505;3.751373;2.379883;3.400692;1.708147;1.693994;2.414148;6.597223;2.733447;1.257991;1.138393;1.156836;1.471196;2.775345;1.919574;1.657291;5.256029;3.051509;2.286447;0.795687;0.470092;2.956155;0.838485;2.504554;2.145445;0.872166;tumoral;TCGA-LUAD;ADK
TCGA-55-A4DG-01A;5.36463;3.611541;3.330783;4.956519;4.277804;4.641774;3.636665;2.2724;3.057792;6.27593;3.529451;4.092683;5.046744;2.721071;2.718962;6.298089;3.362597;1.848212;6.049015;5.49767;1.917817;5.964412;5.688111;6.755514;1.159789;2.850644;2.81435;2.93672;3.185515;2.234262;1.977335;7.198406;1.718048;2.350272;2.291126;1.467703;1.217797;3.562886;3.842719;2.429792;5.547748;1.511358;1.166237;0.993269;0.584023;1.599174;1.844148;2.762104;1.467609;0.821504;tumoral;TCGA-LUAD;ADK
TCGA-38-4632-01A;8.343429;2.596786;5.124604;4.987895;2.971015;6.086861;4.321321;2.149191;4.698983;6.707043;3.854259;0.950848;4.12736;4.420827;0.478876;5.515015;1.862304;0.955549;7.829171;4.742257;1.826232;6.706642;1.921932;7.28576;2.798636;2.044054;2.704847;4.245039;0.409999;2.387992;4.831356;7.573739;2.414803;1.871844;2.787731;3.340564;3.730429;2.397859;2.745415;0.998484;4.123754;1.523259;2.641738;3.640539;5.46343;1.679191;0.479529;1.973404;1.671763;2.12425;tumoral;TCGA-LUAD;ADK
TCGA-55-8302-01A;6.273542;2.508734;5.238822;3.908423;5.919716;4.220059;3.796273;2.404678;2.292587;5.298817;2.704807;1.792647;3.830218;4.126881;2.070771;7.753351;2.944519;1.220892;7.201274;4.384843;3.412729;5.448703;3.12496;6.997906;3.263194;2.563124;2.578437;3.933224;1.876869;2.396646;3.885159;8.381006;2.236625;1.563588;2.719868;2.014163;3.441568;3.094352;2.515491;0.766565;4.964445;2.697256;2.062329;3.09555;2.139296;4.065328;0.917624;2.174207;1.653133;1.719737;tumoral;TCGA-LUAD;ADK
TCGA-50-5066-02A;5.478246;4.046777;3.936144;4.861178;4.157218;6.878065;5.746996;2.721533;3.169406;5.719156;2.387369;3.548405;4.370997;4.639987;2.954085;5.211521;2.159149;1.543749;7.116854;1.97566;2.563239;5.980111;2.748555;6.416311;2.641812;3.619402;3.304124;4.542674;2.164695;2.396947;2.329708;6.603568;2.454702;1.971662;2.567482;3.335462;3.829687;3.198485;1.918401;1.839645;3.425216;2.622395;2.043876;3.306776;0.401631;2.725391;0.798269;3.647808;1.616119;1.059575;tumoral;TCGA-LUAD;ADK
TCGA-05-4425-01A;6.937961;2.803539;4.157598;4.599591;4.810493;5.470467;5.659496;1.877042;2.906252;8.975414;5.833395;0.473007;3.411032;4.443242;0.390379;6.940408;2.67733;1.795574;7.756972;3.555669;1.848472;7.048427;3.028718;5.804346;3.077954;2.885584;3.011527;4.307306;0.830542;2.758632;1.995958;7.992782;1.81227;2.913588;2.551582;3.100048;2.24385;2.841126;1.794451;1.873383;5.453816;2.25415;2.650333;2.095;5.726937;2.115863;0.739119;0.997363;1.682759;1.923138;tumoral;TCGA-LUAD;ADK
TCGA-97-7938-01A;5.35539;2.888705;3.971125;5.74561;5.821987;5.226081;4.792408;2.84948;2.680938;8.933681;4.511961;2.644248;4.68409;3.125346;2.523102;6.916636;3.118248;1.561317;4.669008;3.446152;2.156382;7.519089;4.710833;6.920324;2.586917;4.362965;2.851337;4.436371;1.04068;2.11819;1.972788;7.36688;1.962739;1.85116;1.650221;1.392856;1.035791;2.152279;1.65128;2.024534;3.366354;2.232522;2.835041;1.101926;1.112452;4.379928;1.786271;2.66777;1.815599;0.856378;tumoral;TCGA-LUAD;ADK
TCGA-MP-A4TC-01A;4.326876;2.598439;5.225849;4.717047;3.090736;5.133945;3.475296;2.439644;3.816399;4.951145;2.570868;2.278898;2.970852;3.905814;0.569027;6.91625;2.987411;1.661419;6.155217;4.498349;3.03252;6.832078;4.073269;5.303727;2.685747;2.360291;3.343255;4.941932;1.270836;2.983003;2.839027;6.725061;2.525161;2.567316;1.734466;3.173618;3.183466;3.458002;2.483976;1.653823;4.674688;1.768475;2.324191;3.58883;6.127411;1.198189;1.525908;2.726415;1.578732;1.782254;tumoral;TCGA-LUAD;ADK
TCGA-73-4659-01A;7.088385;3.088545;3.162754;4.254761;2.225421;4.624672;4.17019;1.600483;4.227275;5.906973;2.949501;2.62431;4.981553;4.084415;1.264871;6.311353;2.682575;1.663359;8.233227;2.710382;3.40245;6.320557;4.353848;6.866722;2.102781;2.970517;3.500579;4.09939;0.705579;1.086171;2.387855;6.540848;2.557754;2.341301;3.487605;3.061163;3.720544;3.042678;2.488492;1.508163;3.542856;3.301337;3.017244;2.997767;5.119728;1.038696;3.117108;3.331976;2.455338;2.20943;tumoral;TCGA-LUAD;ADK
TCGA-95-8039-01A;6.011839;2.177783;5.263538;3.864319;2.321439;4.676757;3.427444;2.280046;3.900052;7.003548;4.546979;2.23854;4.438447;4.188609;1.87103;6.33126;3.097149;1.271757;6.496534;0.672399;3.342305;7.366554;4.798271;6.057138;2.563187;3.143967;3.402677;4.452718;1.284505;2.908412;3.907495;7.542479;4.326613;1.568547;2.449173;2.32781;2.428465;3.136516;1.881997;1.059688;5.658914;2.043312;1.828646;1.52908;1.386472;3.057645;2.733209;2.63462;1.89528;1.294042;tumoral;TCGA-LUAD;ADK
TCGA-MP-A4TH-01A;5.536447;2.783281;3.346154;3.442168;2.742907;4.680177;3.135859;3.533278;2.203602;7.233455;4.229479;3.645845;4.189629;3.188055;2.461839;5.723602;3.4439;1.817503;6.685635;7.439268;2.830699;6.534867;5.235726;4.445938;1.398383;2.528785;3.366232;4.22537;2.191183;3.88256;1.433405;6.281765;1.426184;1.809038;1.648605;1.434555;1.169827;4.045014;3.081652;1.495539;3.895764;1.806795;1.612564;0.726437;2.87979;2.380309;1.180009;3.905592;2.01994;1.447654;tumoral;TCGA-LUAD;ADK
TCGA-73-4666-01A;7.05464;2.079399;4.16239;2.694791;3.932224;5.080305;3.961306;2.053333;1.423651;5.160781;1.932157;0.588717;4.3841;4.257147;1.431956;5.042594;2.965395;0.341775;7.77473;1.276469;2.191901;6.104617;1.395861;6.832671;3.041314;3.428656;3.137982;4.960558;1.698187;3.416549;3.414294;7.744447;2.514397;1.490643;3.48678;3.860857;5.447514;2.691663;1.895151;0.616501;3.543831;1.920708;3.19139;4.755911;5.578825;3.997463;0.523675;3.453443;1.544794;2.502739;tumoral;TCGA-LUAD;ADK
TCGA-95-A4VN-01A;5.113889;2.386936;4.090861;5.396024;5.5634;4.244368;3.509946;2.875265;1.496748;5.632141;2.720279;1.606592;4.285797;3.829093;2.839045;5.800768;3.648525;1.400608;6.840776;2.403256;3.817033;6.213952;2.830047;7.988425;3.144535;2.615038;3.302258;5.485774;2.232798;3.689218;4.290894;7.01619;3.865223;1.451493;2.602365;3.205491;3.152583;3.603428;2.379409;1.257384;4.152611;2.254447;3.493245;3.939498;2.769584;1.546496;0.662317;3.403873;2.163085;1.775178;tumoral;TCGA-LUAD;ADK
TCGA-39-5040-11A;8.625097;2.261257;4.11921;1.903875;1.609247;7.217556;4.137458;1.668014;4.609194;8.130204;3.632901;2.558888;2.108826;5.175497;1.752188;4.348505;2.555848;1.270827;6.239932;3.412251;4.096735;8.108988;3.348152;6.284735;5.029543;2.22265;3.955994;4.655602;0.935689;4.159715;3.143214;8.580528;2.982442;2.077089;3.15695;0.756329;0.396881;3.423772;2.313608;0.387744;1.602139;1.075007;3.596591;0.284835;0.263852;1.441649;0.407316;3.224364;3.907306;2.782805;normal;TCGA-LUSC;NTL
TCGA-38-4626-11A;9.676939;2.552043;3.836739;2.276453;2.626144;6.024721;3.631876;1.876776;4.68571;7.978254;3.648974;1.959493;3.076504;6.678828;0.741388;5.249864;3.078968;0.939876;9.274054;1.485803;3.017377;7.555977;4.220177;5.076127;4.840194;2.529456;3.674956;4.656725;0.506582;3.816661;3.334918;9.137905;1.70367;1.819922;3.986592;0.883136;0.507512;3.910546;1.875263;0.831027;2.226313;1.778;2.860409;0.535218;0.593284;2.095611;0.514953;2.203093;3.386581;4.420411;normal;TCGA-LUAD;NTL
TCGA-55-6968-11A;7.847868;2.010111;3.657595;2.126903;2.011841;6.517508;4.461945;2.556496;3.870649;7.738535;4.026524;2.32889;3.11753;6.179261;2.155661;5.296407;2.580466;1.462603;6.901125;2.119364;3.849531;6.99271;3.254834;3.46906;3.593921;3.33517;3.669716;3.833324;1.547734;4.723251;2.31697;7.840908;3.88747;1.280408;3.432002;0.976898;0.789076;3.863709;2.197423;1.352534;3.213415;1.421234;1.292392;0.481078;1.028306;1.534324;0.861751;2.988743;3.104276;3.61335;normal;TCGA-LUAD;NTL
TCGA-44-5645-11A;7.627708;2.318338;4.331658;2.377334;2.458135;5.704146;4.495033;2.433305;3.621167;7.150814;4.329926;2.519955;3.163036;5.330221;0.804318;5.172;1.890193;1.161357;7.246831;2.36954;5.384331;7.343902;4.821433;4.285906;2.41773;3.244011;4.058853;3.837175;0.501238;4.415259;2.460509;7.310044;2.027553;1.498162;2.841212;0.870798;0.616159;3.234821;2.05372;1.150347;3.22731;1.120425;2.93772;0.337265;0.508338;1.603534;0.853352;3.570264;4.931748;2.8369;normal;TCGA-LUAD;NTL
TCGA-44-6145-11A;7.134387;2.345886;3.34468;2.73709;1.969756;6.331221;3.808104;2.647602;3.763995;7.839326;3.99864;3.071547;2.672402;5.412919;1.191873;5.200968;2.857783;1.187177;5.169533;3.946544;4.452777;7.698125;3.93208;6.363849;4.35513;3.638466;3.799763;4.246592;0.0;3.384948;1.920629;7.628705;2.775805;1.566089;3.709887;0.891216;0.514426;3.501427;1.584819;0.897804;3.065424;1.006396;2.564129;0.322494;0.252872;2.624191;0.6479;3.301541;3.949293;2.790081;normal;TCGA-LUAD;NTL
TCGA-77-7335-11A;8.213888;1.377523;4.079546;2.489009;3.195836;5.994992;4.035614;1.371837;4.010437;7.702778;3.165509;1.719298;2.343501;5.825422;0.86711;4.777142;2.665621;0.576808;5.371452;2.847356;3.665334;8.13352;3.083698;4.494366;2.527664;2.900875;3.039215;3.003988;0.544653;4.357485;1.864682;8.270522;2.800239;1.125039;3.157611;0.699734;0.37734;2.167251;1.143452;0.537472;1.927779;1.230315;1.026281;0.393667;0.187328;1.0402;0.546765;3.419386;3.388959;3.388659;normal;TCGA-LUSC;NTL
TCGA-77-8007-11A;8.754523;2.678939;4.344441;2.461607;2.455445;6.150082;3.575582;2.146071;3.157354;7.882406;3.960418;1.443551;2.381847;5.521313;1.514703;4.49683;2.35008;1.064338;8.998083;3.029709;3.907292;7.924475;4.042875;4.713173;2.98013;3.098619;3.887882;3.522169;0.76971;3.101983;2.456858;7.865565;2.003441;1.684744;3.511863;1.875929;1.870227;3.403569;2.192653;0.87293;2.72943;1.640286;3.55235;1.478998;1.323827;1.397705;0.802524;2.755131;2.589832;3.608622;normal;TCGA-LUSC;NTL
TCGA-56-7823-11A;7.46882;2.268717;4.603502;2.553645;2.233252;5.53863;3.488013;2.711361;3.819352;7.82752;4.075469;2.425471;2.607;5.587833;1.807157;5.1842;3.456917;0.934473;7.681629;3.384761;5.638974;7.308998;5.398192;5.304286;4.866325;3.03459;3.891411;3.888211;1.453727;3.810021;0.160727;7.314288;1.910349;1.775494;3.559341;1.796518;1.812301;3.49105;2.335656;1.25505;3.406811;1.373469;2.446717;1.027649;1.189591;2.016309;0.941531;3.552786;4.121084;3.472705;normal;TCGA-LUSC;NTL
TCGA-49-6743-11A;6.710504;2.514261;3.684195;2.324143;1.713451;5.734005;3.921564;1.849373;4.0799;7.788872;3.762364;2.251992;2.266238;5.225447;0.992333;5.294241;2.153954;0.669216;5.338309;2.157842;4.371761;7.811404;5.059489;5.188923;3.275722;3.149408;3.496696;3.46069;0.0;3.677756;2.386683;7.597813;2.063493;1.163101;3.031368;0.776998;0.53186;2.607134;1.813136;0.722453;2.830705;1.183332;4.401669;0.489814;0.084798;2.245149;0.878299;3.623786;3.970086;2.666309;normal;TCGA-LUAD;NTL
TCGA-55-6985-11A;7.433202;2.586057;3.970185;2.738962;2.793124;6.1454;4.298625;2.440597;3.680989;7.235138;3.721018;2.955207;3.368281;6.014638;2.0644;5.035805;2.501214;1.265506;7.094336;1.856592;4.343476;7.507016;4.001314;5.081522;3.935052;3.649871;3.765066;4.235545;0.734941;2.230195;0.104375;7.303115;1.112625;1.577139;3.073204;1.071931;0.902626;3.662906;2.026914;1.333207;2.887798;1.453491;2.471316;0.589066;2.136105;2.240498;0.873254;3.60172;3.561199;2.870132;normal;TCGA-LUAD;NTL
TCGA-49-4512-11A;8.745973;1.325217;4.094539;2.382655;2.60784;5.704045;4.051435;1.651596;3.639375;7.996908;3.744291;1.959622;3.057807;5.762881;0.0;5.012325;3.146341;0.81027;6.531398;3.728381;3.570973;7.465725;3.610146;4.009357;2.727775;2.731281;2.917402;2.983197;0.0;3.964167;0.689394;8.707076;1.876372;1.668085;2.889946;0.622288;0.516851;2.331647;1.138321;0.518348;2.504539;1.423962;0.941469;0.785705;1.031011;1.110706;0.320226;4.009266;3.186743;2.097485;normal;TCGA-LUAD;NTL
TCGA-50-6595-11A;7.028694;2.249081;4.017765;2.597545;2.167281;5.289339;3.874444;2.38123;3.532177;6.95277;3.794611;3.099359;2.969735;4.852634;1.311052;5.215259;2.363296;0.87056;6.948894;2.472351;5.722164;7.73086;4.554427;5.028273;1.981456;3.729833;3.903212;3.407065;0.694546;4.444733;2.167332;7.026852;1.824831;1.270036;2.872482;0.942793;0.430586;3.213387;1.911958;1.07826;2.700758;1.115028;1.91349;0.289008;0.337315;2.766975;0.737789;3.914279;4.584818;2.546696;normal;TCGA-LUAD;NTL
TCGA-44-3396-11A;7.62065;2.392909;4.217549;2.642664;1.920351;5.537556;3.163228;2.250903;3.863052;6.736977;3.516047;3.173331;2.874202;5.505445;1.016552;5.385753;2.349933;0.750995;8.379494;3.121809;5.258617;7.748032;5.7272;6.05907;2.740369;3.662046;3.744618;3.64879;0.573497;3.906418;2.653591;7.274106;1.207639;1.384473;3.491701;1.010522;0.612144;3.549829;1.626219;1.467241;2.798548;1.525854;2.238812;0.433134;0.75774;2.168153;0.965953;3.73882;4.299558;2.880033;normal;TCGA-LUAD;NTL
TCGA-91-6831-11A;6.885074;2.238541;3.736798;2.77774;1.933433;6.109978;3.492257;2.187883;3.276437;6.905094;3.420267;3.003158;2.706324;5.189476;1.083983;4.484565;2.211672;0.91894;6.392537;1.322465;5.485325;8.204589;3.803486;6.297597;3.749837;3.62387;3.86516;4.26576;0.553383;2.692114;2.022361;7.135895;2.936089;1.907547;3.050072;1.020389;0.350754;3.150965;1.487257;0.806285;2.313797;0.74865;3.455229;0.189531;0.646456;2.185517;0.348695;3.936227;4.422119;2.18334;normal;TCGA-LUAD;NTL
TCGA-43-6771-11A;6.820581;1.880754;3.945785;2.461539;1.217654;5.341448;2.898442;2.483703;3.77061;7.260727;3.582199;2.991826;2.557168;5.536382;1.71268;4.781708;3.27487;0.788294;6.884884;1.711994;4.708364;7.763891;4.921356;6.946212;5.002063;2.738937;4.122541;4.916737;0.678573;3.692522;2.018694;7.625808;1.622113;3.017101;3.300291;0.979788;0.569507;3.779015;1.397582;0.874348;3.221941;0.959087;4.34459;0.283422;0.405535;1.740818;0.560009;3.185146;3.974175;2.783668;normal;TCGA-LUSC;NTL
TCGA-49-6744-11A;7.253483;2.869993;3.940935;2.684601;1.882984;5.71724;4.307353;2.049408;3.927198;6.978115;3.853186;3.307942;2.890954;5.350784;1.422617;5.227094;2.566462;0.679477;6.870722;2.537428;4.415265;8.092509;5.172832;6.185614;1.934838;3.573787;3.792486;3.200605;0.642772;3.401743;1.897628;7.006305;1.718837;1.031808;2.885587;0.961283;0.486723;3.035341;1.742379;1.497532;3.212813;1.273508;2.290471;0.270253;0.187557;1.85413;0.698539;4.248421;4.590577;2.013515;normal;TCGA-LUAD;NTL
TCGA-44-6148-11A;6.157278;2.350349;3.489431;2.871564;3.404662;5.735012;3.492702;2.792388;2.959537;6.333442;3.776016;3.613812;3.967683;5.037013;1.784459;5.172976;2.807248;0.979882;4.973262;4.625403;4.617513;7.236235;4.71844;5.137013;2.266039;3.578338;3.950602;3.246996;0.801006;3.479258;1.550028;7.163888;3.0485;1.813038;2.72895;0.816497;0.588156;3.21181;1.686747;1.470282;3.153317;1.990294;1.10102;0.326389;0.166585;2.543111;0.835707;3.750095;4.259119;2.568539;normal;TCGA-LUAD;NTL
TCGA-60-2709-11A;7.645403;1.798728;4.249457;2.48625;1.201541;6.291348;3.057154;1.670892;4.114834;7.370616;2.956753;2.75397;3.072131;5.889241;1.675423;4.523233;2.505182;0.862386;6.503924;2.530731;3.322079;7.830391;3.943018;7.02413;5.46291;2.640952;4.186237;4.988211;0.0;4.059751;2.375673;8.465605;3.070267;2.408998;3.597474;0.867059;0.344396;3.429982;1.919426;0.55005;1.730539;0.892142;4.056034;0.337545;0.563922;1.878286;0.551179;2.614711;3.582114;2.309959;normal;TCGA-LUSC;NTL
TCGA-43-6647-11A;6.341264;2.368803;3.808141;2.692835;1.577319;5.891841;3.772727;2.314301;3.668916;7.459593;3.783919;3.271937;2.699288;5.386327;1.403391;5.426872;3.598672;0.880667;5.499535;2.996858;4.999638;7.584564;4.301395;5.272813;3.754836;3.775235;3.740761;4.061997;0.258508;3.560013;2.510604;7.23536;1.697472;1.463624;3.466891;0.831264;0.464232;3.175568;1.519717;1.08377;3.152721;1.072239;2.533426;0.214646;0.433538;2.651468;0.931906;3.463923;4.238429;2.710576;normal;TCGA-LUSC;NTL
TCGA-38-4632-11A;9.314295;2.795258;4.004278;2.193909;2.726081;4.997897;3.017751;1.746411;2.732892;7.614589;3.500367;1.91367;3.251409;6.324682;0.840004;4.549853;1.616567;0.436663;9.697313;4.488149;3.407162;7.541214;3.506546;4.050148;2.702443;3.200738;3.57979;3.268899;0.411241;3.682344;2.959691;8.596553;2.25412;1.535285;3.750655;1.019244;0.817869;2.828837;1.497605;0.850638;2.350449;1.362907;1.582469;0.652839;1.909004;0.83644;0.480948;2.641762;2.628357;3.671361;normal;TCGA-LUAD;NTL
TCGA-92-7340-11A;7.140261;2.59891;3.833186;2.77414;1.630976;5.945282;3.972232;2.322381;3.659;6.961506;3.50412;3.412788;3.312787;5.615006;1.449275;4.96814;1.912825;0.95499;6.623711;4.760915;4.353978;7.712925;4.481621;5.60923;6.155369;4.420311;4.66212;3.929654;0.728438;3.733685;0.984929;6.935667;1.441629;1.454017;3.139254;0.822935;0.284748;3.024929;1.793406;0.944696;2.797494;1.333588;2.200198;0.233064;1.276446;2.150113;0.713876;4.096771;4.628837;2.376949;normal;TCGA-LUSC;NTL
TCGA-49-6761-11A;8.223744;1.785729;4.354128;2.451554;2.569789;6.275168;4.06204;2.213913;3.786036;7.77578;4.41404;2.862063;3.102323;5.460416;1.4618;5.281981;2.927566;0.607212;7.862035;0.371769;5.390693;7.564921;3.931108;5.015739;2.340985;3.960731;3.943524;3.29808;0.450205;3.883526;2.615625;7.250154;2.87236;1.370144;2.704982;0.836059;0.766126;2.921382;1.725783;1.243969;3.343493;0.944733;0.939094;0.257632;2.482709;1.179761;1.003582;3.931486;3.950315;2.31783;normal;TCGA-LUAD;NTL
TCGA-44-2662-11A;6.69002;2.356115;4.126315;2.069776;1.555045;5.756966;3.373187;2.440438;3.63074;7.888819;3.955383;2.494494;2.401679;5.246346;0.6902;5.327562;2.760609;0.384028;6.239915;1.326236;4.881758;7.674025;5.880305;6.915269;3.284661;3.58605;3.693821;5.188907;0.423846;4.02277;2.778714;7.050853;2.789837;2.286743;2.472445;0.716339;0.661361;3.006546;1.705547;1.222207;3.48451;1.099101;3.17673;0.269151;0.190011;1.385964;0.855255;3.255661;4.547419;2.607007;normal;TCGA-LUAD;NTL
TCGA-91-6847-11A;6.592588;2.170058;2.990182;2.513471;3.078599;5.670036;3.666042;2.543751;2.950932;7.417455;4.365818;3.242917;3.849923;4.775712;0.0;5.497108;2.364392;1.110852;4.553413;2.393928;4.108037;7.035976;4.245782;4.972848;1.895898;4.085062;3.850434;3.155847;0.721854;2.617175;2.199506;7.515448;2.389954;1.674368;3.300839;0.587212;0.430937;3.172891;1.843293;1.295195;3.312276;1.282932;0.993975;0.295695;0.075233;2.071653;0.459267;3.539651;4.618246;2.973016;normal;TCGA-LUAD;NTL
TCGA-22-4609-11A;6.02084;2.853868;3.59295;2.694476;1.789389;6.892468;4.878712;2.517089;3.193621;7.700957;3.97849;3.403285;3.222024;4.66151;1.138261;5.109567;2.493589;0.876525;7.098591;4.916833;4.869461;7.548956;4.352843;6.393596;2.999606;3.880439;3.725108;5.245186;0.51583;4.311831;2.00348;6.980107;1.52195;1.982367;2.114725;0.790081;0.254333;3.165844;1.206676;1.124764;2.887896;1.20078;3.880978;0.175135;1.005725;2.796561;0.991494;3.372806;4.326082;1.684364;normal;TCGA-LUSC;NTL
TCGA-55-6984-11A;7.777628;2.31679;3.21946;2.514966;2.324269;5.868964;3.768905;2.262304;3.074882;8.130772;4.032375;3.216752;3.48194;5.38456;1.051696;5.252257;2.850307;1.30783;7.144129;1.05557;3.241238;6.998328;2.865619;5.426163;2.662808;3.505085;3.79795;3.625241;1.032232;3.103606;1.805599;7.815809;1.05648;1.638315;3.369842;0.577915;0.541208;3.343395;1.477986;1.123088;2.675437;1.167368;1.243824;0.175722;0.308001;2.053143;0.439345;3.334562;4.517272;3.417808;normal;TCGA-LUAD;NTL
TCGA-77-7337-11A;7.051038;2.380245;3.929497;2.865449;1.969179;5.393736;3.623745;2.007743;3.275331;7.650838;3.787758;3.222219;2.958637;5.369381;1.065992;4.90756;2.502888;0.76202;5.656059;2.988728;4.027146;7.601095;3.917884;4.614524;2.400754;3.63701;3.587828;3.019687;0.241989;4.059146;1.188245;7.436442;1.389008;1.112232;2.994237;0.906864;0.55804;2.866713;1.850655;1.061824;2.111917;1.020928;1.86998;0.506337;0.176943;1.726323;0.647866;4.015349;4.233668;3.118782;normal;TCGA-LUSC;NTL
TCGA-51-4079-11A;6.159139;2.611826;3.949728;2.638505;2.803898;5.037455;3.680169;2.568518;3.493999;7.141202;3.947447;3.074847;2.592962;4.304042;2.144935;5.300296;2.427211;0.735626;6.53551;3.859845;5.508254;7.926305;5.259907;6.431927;2.968557;3.757669;3.818511;4.740429;0.72203;1.025169;2.564307;6.805426;2.184505;1.754967;3.046213;0.995735;0.61852;3.321851;1.64604;1.260983;3.498474;0.855364;3.995218;0.241276;0.354392;2.585366;1.101856;3.59708;4.407654;2.110881;normal;TCGA-LUSC;NTL
TCGA-34-8454-11A;6.729096;2.418999;4.239587;2.659893;2.306596;4.843542;2.943602;2.293636;2.815299;6.957461;3.813367;2.226145;2.091006;4.845843;1.31603;5.263041;2.594478;0.819898;7.876787;3.982674;5.328429;7.483184;5.249364;4.369494;1.975101;2.618493;3.479081;3.988523;1.026157;4.266655;1.740464;7.260388;1.656409;1.32615;2.285987;1.017359;0.718179;3.779129;2.329267;1.298329;2.748531;1.023747;2.176633;0.507878;1.150066;1.767231;1.139519;3.632733;4.478506;2.526547;normal;TCGA-LUSC;NTL
TCGA-77-7338-11A;6.643102;2.107301;4.019943;2.569228;1.785077;6.179388;4.289732;2.11534;3.897443;7.504184;4.087832;2.672732;2.621847;4.208454;0.798755;4.873099;2.44607;0.650651;5.649385;2.544083;4.815691;7.755399;4.39128;4.71529;3.590014;3.400252;3.627948;3.819104;0.0;4.507058;1.922091;7.482372;2.560294;1.473639;2.380612;0.63735;0.302993;2.460137;1.157574;0.832141;2.610468;0.697967;4.215693;0.114257;0.139893;2.28071;0.686014;3.939852;4.097758;1.941305;normal;TCGA-LUSC;NTL
TCGA-50-5933-11A;7.176277;2.275275;3.353807;3.045644;2.149483;6.186032;3.904178;3.048047;3.29711;7.122046;3.409111;3.887043;4.043122;5.006716;2.401595;4.811274;2.439858;0.868056;5.727344;2.017983;4.671759;8.006867;4.367116;6.732437;5.181714;3.753579;4.016593;5.628985;0.291075;3.19706;2.318785;7.345894;1.416253;3.483812;3.220887;0.881154;0.513702;3.113649;1.233322;1.18374;3.167262;1.199927;2.853521;0.209938;0.4397;3.233092;0.538576;3.318587;3.741437;2.380531;normal;TCGA-LUAD;NTL
TCGA-91-6849-11A;6.713278;2.413065;3.965245;2.796506;2.238217;5.514855;3.508036;2.759805;3.578644;7.308271;3.421337;3.22124;3.445403;4.537514;1.352116;5.266724;1.478773;1.109638;6.457333;3.286667;5.412308;7.925651;5.479584;6.349;2.02721;3.857779;4.013562;4.070426;1.199478;3.70935;2.265209;7.141211;1.725276;1.788642;2.980152;1.189715;0.801434;3.427795;1.755239;1.103681;2.203741;1.167858;3.033548;0.295276;0.169553;3.117443;0.833931;3.964123;4.874349;1.972147;normal;TCGA-LUAD;NTL
TCGA-55-6980-11A;6.825955;2.441637;3.905746;2.653491;2.392047;5.620927;4.256929;2.797818;2.670668;7.358058;4.098997;2.940121;3.212673;4.818901;0.976032;5.190004;2.524876;1.200359;5.735718;5.747062;4.9133;7.131964;4.647239;5.084096;2.672806;3.589076;4.015314;3.664098;0.853946;3.261161;0.125904;7.200017;1.213255;1.382619;3.013607;0.934092;0.527451;3.580329;2.16293;1.474019;3.386796;1.147494;2.449994;0.249245;0.26268;2.092665;0.807901;3.536968;4.165279;2.734671;normal;TCGA-LUAD;NTL
TCGA-56-8082-11A;5.500468;1.617238;4.40809;2.715028;1.669078;5.315565;2.749967;2.789296;3.362878;6.708373;3.028563;2.276683;2.567451;4.686027;1.944495;4.793833;2.589182;1.060612;4.766798;3.575916;5.475241;8.376752;5.409104;7.063096;6.497117;3.012718;5.123373;5.484653;0.260909;3.794479;1.409651;7.135147;1.5906;2.560377;2.830532;0.716359;0.201685;3.242027;1.395833;0.817399;1.833269;0.949766;3.927665;0.145126;0.627394;2.508607;0.723319;3.097637;4.758984;1.403206;normal;TCGA-LUSC;NTL
TCGA-38-4627-11A;8.580449;1.753912;4.805419;2.244217;2.184335;6.652781;3.564271;1.488388;4.890633;7.514278;4.078566;1.307607;2.134845;5.609872;0.827763;4.922672;3.473452;0.358958;6.880222;5.371223;5.391634;8.024282;6.50763;4.459046;3.681512;2.558596;3.048391;3.596547;0.0;4.028021;3.045924;8.582793;2.015835;1.732983;3.22867;1.049298;0.660309;2.73636;1.486813;0.526802;2.304591;1.399181;2.308243;0.70776;0.221516;1.101663;1.061183;3.269278;3.598568;3.612418;normal;TCGA-LUAD;NTL
TCGA-56-7731-11A;7.153789;1.709857;4.25066;2.717826;1.698792;6.695221;3.887204;1.941132;3.784736;7.219914;3.347641;2.775379;2.924099;4.895984;1.261195;4.890027;2.577531;0.935599;6.930259;0.738696;5.248944;8.115891;5.694661;6.847847;5.112815;3.346565;4.013583;4.698499;0.414949;4.222004;2.648274;7.189931;3.19893;2.30792;3.093389;0.89806;0.615882;3.191963;1.358462;0.547359;2.739644;1.112364;3.142078;0.302761;1.68128;1.702608;0.800798;3.040257;3.875147;1.897299;normal;TCGA-LUSC;NTL
TCGA-77-7138-11A;6.988197;2.669932;3.824333;2.395687;2.598582;4.972775;3.4897;2.34599;3.181645;7.622277;4.205258;3.088163;3.250408;5.402754;1.654857;4.992413;1.48471;1.409139;5.26836;2.739895;4.915663;7.369043;4.327861;4.502227;2.749146;3.369779;3.631912;3.549464;0.923812;3.868764;1.778912;7.443886;1.847492;1.292468;3.184866;0.865756;0.626529;3.525279;2.093742;1.270069;3.218367;1.171688;2.02473;0.388805;0.080693;2.142969;0.696925;3.62187;4.305162;3.045315;normal;TCGA-LUSC;NTL
TCGA-22-5483-11A;7.470109;2.144425;3.787431;2.378635;1.642165;6.961434;3.907065;2.633861;2.977468;7.294387;3.797729;3.134608;3.004562;5.045557;0.774198;5.123268;3.79235;1.017133;6.868473;2.204549;4.759367;7.336957;3.966514;5.215461;3.616476;3.83644;3.774925;3.63922;0.199441;2.888451;1.363953;7.073585;2.520651;1.937143;2.958391;2.115424;2.191864;2.485672;1.150615;1.388137;3.651871;1.207319;2.642474;1.154943;1.756741;1.671191;0.649938;3.084748;3.404582;2.832708;normal;TCGA-LUSC;NTL
TCGA-43-6773-11A;6.943008;3.420332;3.760474;2.787283;3.600142;5.119552;2.97126;2.213708;3.614944;6.672043;2.891608;2.475116;2.990697;5.968994;0.749252;5.005631;3.379021;0.716452;6.788965;4.065447;4.981458;8.126301;5.903175;5.46091;3.915642;2.805908;3.854288;3.905219;0.649419;4.081152;1.861002;7.128358;1.994338;1.610934;3.381583;1.129008;0.905036;3.412488;1.321182;1.33874;2.780346;1.539202;4.477272;0.791048;0.49183;2.933046;1.058451;3.859724;3.459574;3.325515;normal;TCGA-LUSC;NTL
TCGA-56-7582-11A;7.743615;2.562205;4.49226;2.758358;2.114785;4.413821;3.244196;2.671566;4.178639;7.145426;4.385554;2.27156;2.960057;5.478701;2.626866;5.118128;2.208896;1.106761;7.685659;0.309469;5.036982;7.223013;6.577157;4.493645;1.718736;2.697791;3.822978;3.199937;1.227393;2.98737;2.148607;7.506897;1.742925;1.441382;2.535963;1.427291;1.295156;3.821856;2.244087;1.543243;2.470431;1.532012;3.061463;0.719406;1.172097;2.450774;1.199298;4.254726;4.543063;2.866186;normal;TCGA-LUSC;NTL
TCGA-56-7579-11A;7.409727;2.000243;4.042663;2.840741;2.934893;5.986991;3.590011;2.484954;3.703256;6.023529;3.942393;2.908837;3.278851;5.842404;2.292677;4.898972;2.135132;1.327704;6.023218;4.252751;4.562005;7.486175;4.172795;5.410697;3.160577;3.070273;4.119188;3.79055;1.02021;4.64722;1.2356;7.656438;1.355696;2.011962;3.123263;1.12569;0.682844;3.672972;2.312235;1.098991;2.379749;1.578244;1.742046;0.543425;0.840916;2.456841;0.655905;3.738151;4.096796;2.77234;normal;TCGA-LUSC;NTL
TCGA-34-7107-11A;7.874483;2.793142;4.280691;2.535524;2.069241;4.710785;3.08766;2.737791;3.242795;7.125177;3.518993;2.031614;2.130546;5.667152;1.490471;5.166089;2.126369;0.400411;8.966353;5.636243;5.232086;7.408797;5.150292;5.554278;4.066842;2.520673;3.770465;4.438553;0.223917;3.802991;1.899403;6.882924;2.46576;1.830955;2.65157;1.226309;1.364238;3.524146;1.470091;1.480849;3.430679;1.485349;4.792328;0.702601;1.692978;1.922474;1.146333;3.28669;3.21393;3.202841;normal;TCGA-LUSC;NTL
TCGA-91-6828-11A;6.702732;2.346361;3.029127;3.185536;2.843023;6.636672;3.324818;2.435376;3.104597;6.975886;3.738883;3.65032;3.518903;4.886199;1.708568;5.04704;2.572859;1.044877;6.353032;2.33731;4.28704;7.610412;3.745607;7.172231;3.380594;3.596046;3.915311;4.038389;0.623994;2.796974;1.906959;7.267036;1.418319;2.302866;2.982456;0.821056;0.41136;3.062498;1.453968;1.177291;2.789255;1.531759;3.153971;0.272187;0.713219;3.100634;0.323707;3.482632;4.187666;2.404621;normal;TCGA-LUAD;NTL
TCGA-44-2657-11A;7.004615;2.49139;3.905734;2.093864;2.162431;5.551154;4.08097;2.590817;3.128285;6.47241;4.276482;2.261349;2.95984;5.246539;1.228943;5.392605;3.06486;0.691216;7.273414;2.892282;3.857593;7.045791;4.244129;4.440908;3.422127;3.132708;3.740629;4.147657;0.534912;4.459742;3.250418;6.968551;3.311359;1.781511;2.994253;1.588932;1.647437;3.42665;1.94749;1.069564;3.701943;1.346285;1.799754;1.276647;2.719797;1.543531;1.018922;2.771096;3.867125;3.200241;normal;TCGA-LUAD;NTL
TCGA-44-6777-11A;7.034306;2.119066;4.172664;2.517969;2.313231;6.133086;4.392783;2.357531;3.487441;8.0289;3.951399;2.422552;2.853704;5.586309;0.79164;5.589529;3.060468;0.726076;6.472803;4.257465;5.355078;7.572331;4.91374;3.822642;3.410763;3.079922;3.508829;3.824297;0.384262;4.64551;2.576132;7.224813;2.378733;1.449024;2.907017;0.955146;0.597722;3.027649;1.069595;1.294841;3.59667;1.348501;1.987135;0.583966;0.755093;2.334049;0.852345;3.442192;3.774174;3.233371;normal;TCGA-LUAD;NTL
TCGA-22-5482-11A;6.313063;2.225885;4.574889;2.658741;1.747454;4.997064;3.579506;2.544881;3.501451;6.751724;3.889448;2.163747;2.667542;5.20533;0.914086;5.282936;3.73543;0.799993;6.172963;3.025024;6.602263;7.928941;6.351353;4.517053;2.903758;3.00184;3.867892;3.802569;0.396665;4.536719;2.608575;6.769671;2.005287;1.663786;2.591386;1.111207;0.823414;3.110125;1.386357;1.406789;2.785043;1.357836;2.339121;0.435058;0.622181;2.137173;1.280909;3.750354;4.54533;2.587555;normal;TCGA-LUSC;NTL
TCGA-49-4490-11A;7.825445;1.683361;4.384051;2.335574;2.565982;6.021058;4.097251;1.454449;4.291123;7.74583;3.446079;1.799016;2.28554;4.870204;0.0;4.642548;2.635745;0.695517;4.928151;4.151453;3.567493;7.787125;3.811012;4.984483;2.361464;2.67625;3.102709;3.318375;0.0;4.14759;2.418946;8.336162;1.366127;1.629388;3.06665;1.070918;1.367648;1.994387;1.204437;0.368177;2.494363;1.334861;2.13249;0.684841;3.365566;2.013154;0.595458;3.440821;3.567832;2.234733;normal;TCGA-LUAD;NTL
TCGA-43-5670-11A;7.421027;2.834094;4.095735;2.790505;2.924239;4.844048;3.188531;2.853422;3.527106;7.087798;3.400418;3.435648;3.794457;5.403799;1.720751;5.200286;1.823543;1.194185;7.470282;4.662528;4.698682;7.529058;5.40384;5.156021;2.363333;3.212191;4.131182;3.799334;0.349222;4.209561;2.439123;7.508438;1.5285;2.024958;3.37959;0.951843;0.642855;3.510261;2.095992;1.449698;2.643197;1.849519;1.647656;0.410306;0.337339;2.845313;1.311806;3.839255;3.831477;2.177619;normal;TCGA-LUSC;NTL
TCGA-55-6981-11A;7.620483;2.417451;4.470084;2.520575;2.775248;4.974824;3.07191;2.624;3.613501;7.478785;3.818367;2.893479;2.756891;5.5673;1.959084;5.011073;1.895109;1.226517;7.550915;1.605476;5.140327;7.40492;5.642662;5.70289;2.590251;3.416372;4.038397;3.818341;1.382747;3.505285;1.239849;6.923313;2.768369;1.634421;3.342297;1.259201;0.973285;3.678545;2.071848;1.728159;3.337039;1.22914;2.03341;0.515129;1.662128;1.884856;0.68047;4.226648;4.365292;3.596019;normal;TCGA-LUAD;NTL
TCGA-22-5491-11A;5.962199;2.437254;3.740196;2.167773;2.090303;5.765283;4.624677;2.391824;3.384071;8.208435;4.494468;2.434356;2.639713;4.446947;1.148354;5.223617;2.886761;1.041509;5.233471;1.94617;5.044285;7.561767;4.856903;4.950559;1.806704;3.430502;3.880409;3.879888;0.326483;3.890618;2.475158;6.76327;1.931374;1.506342;1.965054;0.733618;0.424077;2.708521;1.612258;1.03605;3.20965;0.883736;3.224455;0.077348;0.639988;2.024222;0.780568;3.460065;4.547504;1.639168;normal;TCGA-LUSC;NTL
